# Blender 4.2.0
# www.blender.org
mtllib CharacterPlayer1.mtl
o BODY
v 0.540370 2.611306 -0.359013
v 0.879513 1.378291 -0.584334
v 0.540370 2.611306 0.359013
v 0.879513 1.378291 0.584334
v 0.740094 0.752680 -0.249157
v 0.740094 0.752680 0.244075
v 0.000000 1.378291 -0.584334
v 0.000000 2.611306 0.359013
v 0.000000 1.378291 0.584334
v 0.000000 2.611306 -0.359013
v 0.139419 0.752680 -0.249157
v 0.139419 0.752680 0.244075
v -0.540370 2.611306 -0.359013
v -0.879513 1.378291 -0.584334
v -0.540370 2.611306 0.359013
v -0.879513 1.378291 0.584334
v -0.740094 0.752680 -0.249157
v -0.740094 0.752680 0.244075
v -0.139419 0.752680 -0.249157
v -0.139419 0.752680 0.244075
v -0.927793 0.772009 0.671386
v -0.565693 2.627594 0.409357
v -0.927793 0.772009 -0.671386
v -0.565693 2.627594 -0.409357
v 0.927793 0.772009 0.671386
v 0.565693 2.627594 0.409357
v 0.927793 0.772009 -0.671386
v 0.565693 2.627594 -0.409357
v -0.818587 1.331634 0.592361
v -0.818587 1.331634 -0.592361
v 0.818587 1.331634 -0.592361
v 0.818587 1.331634 0.592361
v -0.755363 1.655624 0.546610
v -0.692140 1.979614 0.500859
v -0.628916 2.303604 0.455108
v -0.282846 2.627594 -0.409357
v 0.282846 2.627594 -0.409357
v 0.282846 2.627594 0.409357
v -0.282846 2.627594 0.409357
v -0.628916 2.303604 -0.455108
v -0.692140 1.979614 -0.500859
v -0.755363 1.655624 -0.546610
v 0.628916 2.303604 -0.455108
v 0.692140 1.979614 -0.500859
v 0.755363 1.655624 -0.546610
v 0.628916 2.303604 0.455108
v 0.692140 1.979614 0.500859
v 0.755363 1.655624 0.546610
v 0.409294 1.331634 0.592361
v 0.000000 1.331634 0.592361
v -0.409294 1.331634 0.592361
v -0.409294 1.331634 -0.592361
v 0.000000 1.331634 -0.592361
v 0.409294 1.331634 -0.592361
v 0.377682 1.655624 0.546610
v -0.000000 1.655624 0.546610
v -0.377682 1.655624 0.546610
v 0.346070 1.979614 0.500859
v -0.000000 1.979614 0.500859
v -0.346070 1.979614 0.500859
v 0.314458 2.303604 0.455108
v 0.000000 2.303604 0.455108
v -0.314458 2.303604 0.455108
v -0.377682 1.655624 -0.546610
v 0.000000 1.655624 -0.546610
v 0.377682 1.655624 -0.546610
v -0.346070 1.979614 -0.500859
v 0.000000 1.979614 -0.500859
v 0.346070 1.979614 -0.500859
v -0.314458 2.303604 -0.455108
v 0.000000 2.303604 -0.455108
v 0.314458 2.303604 -0.455108
v -0.916263 0.780865 0.663042
v -0.556032 2.615038 0.402365
v -0.916263 0.780865 -0.663042
v -0.556032 2.615038 -0.402365
v 0.916263 0.780865 0.663042
v 0.556032 2.615038 0.402365
v 0.916263 0.780865 -0.663042
v 0.556032 2.615038 -0.402365
v -0.805939 1.326697 0.583208
v -0.805939 1.326697 -0.583208
v 0.805939 1.326697 -0.583208
v 0.805939 1.326697 0.583208
v -0.742715 1.650688 0.537457
v -0.679492 1.974678 0.491706
v -0.616268 2.298667 0.445955
v -0.282846 2.615201 -0.399362
v 0.282846 2.615201 -0.399362
v 0.282846 2.615201 0.399362
v -0.282846 2.615201 0.399362
v -0.616268 2.298668 -0.445955
v -0.679492 1.974678 -0.491706
v -0.742715 1.650688 -0.537457
v 0.616268 2.298667 -0.445955
v 0.679492 1.974678 -0.491706
v 0.742715 1.650688 -0.537457
v 0.616268 2.298668 0.445955
v 0.679492 1.974678 0.491706
v 0.742715 1.650688 0.537457
v 0.409294 1.328080 0.579181
v 0.000000 1.328080 0.579181
v -0.409294 1.328080 0.579181
v -0.409294 1.328080 -0.579181
v 0.000000 1.328080 -0.579181
v 0.409294 1.328080 -0.579181
v 0.377682 1.652070 0.533430
v -0.000000 1.652070 0.533430
v -0.377682 1.652070 0.533430
v 0.346070 1.976060 0.487679
v -0.000000 1.976060 0.487679
v -0.346070 1.976060 0.487679
v 0.314458 2.300050 0.441928
v 0.000000 2.300050 0.441928
v -0.314458 2.300050 0.441928
v -0.377682 1.652070 -0.533430
v 0.000000 1.652070 -0.533430
v 0.377682 1.652070 -0.533430
v -0.346070 1.976060 -0.487679
v 0.000000 1.976060 -0.487679
v 0.346070 1.976060 -0.487679
v -0.314458 2.300050 -0.441928
v 0.000000 2.300050 -0.441928
v 0.314458 2.300050 -0.441928
v -0.844542 1.269414 -0.611143
v 0.844542 1.269414 -0.611143
v 0.844542 1.269414 0.611143
v -0.844542 1.269414 0.611143
v -0.825121 1.368937 0.597089
v -0.825121 1.368937 -0.597089
v 0.825121 1.368937 -0.597089
v 0.825121 1.368937 0.597089
v 0.021858 0.772009 0.671386
v 0.021858 0.890589 0.671386
v 0.021858 0.772009 -0.671386
v 0.021858 0.890589 -0.671386
v 0.927793 0.772009 0.671386
v 0.927793 0.890589 0.671386
v 0.927793 0.772009 -0.671386
v 0.927793 0.890589 -0.671386
v -0.927793 0.772009 0.671386
v -0.927793 0.890589 0.671386
v -0.927793 0.772009 -0.671386
v -0.927793 0.890589 -0.671386
v -0.021858 0.772009 0.671386
v -0.021858 0.890589 0.671386
v -0.021858 0.772009 -0.671386
v -0.021858 0.890589 -0.671386
v -0.908656 0.791146 0.657538
v -0.554025 2.608457 0.400913
v -0.908656 0.791146 -0.657538
v -0.554025 2.608457 -0.400913
v 0.908656 0.791146 0.657538
v 0.554025 2.608457 0.400913
v 0.908656 0.791146 -0.657538
v 0.554025 2.608457 -0.400913
v -0.134208 1.228481 0.627530
v -0.134208 1.400280 0.627530
v -0.134208 1.228481 0.583457
v -0.134208 1.400280 0.583457
v 0.134208 1.228481 0.627530
v 0.134208 1.400280 0.627530
v 0.134208 1.228481 0.583457
v 0.134208 1.400280 0.583457
v -0.134208 1.271431 0.627530
v -0.134208 1.314381 0.627530
v -0.134208 1.357331 0.627530
v -0.134208 1.357331 0.583457
v -0.134208 1.314381 0.583457
v -0.134208 1.271431 0.583457
v 0.067104 1.228481 0.583457
v 0.000000 1.228481 0.583457
v -0.067104 1.228481 0.583457
v -0.067104 1.400280 0.583457
v 0.000000 1.400280 0.583457
v 0.067104 1.400280 0.583457
v 0.134208 1.357331 0.583457
v 0.134208 1.314381 0.583457
v 0.134208 1.271431 0.583457
v 0.134208 1.357331 0.627530
v 0.134208 1.314381 0.627530
v 0.134208 1.271431 0.627530
v -0.067104 1.228481 0.627530
v 0.000000 1.228481 0.627530
v 0.067104 1.228481 0.627530
v 0.067104 1.400280 0.627530
v 0.000000 1.400280 0.627530
v -0.067104 1.400280 0.627530
v 0.067104 1.271431 0.627530
v 0.000000 1.271431 0.627530
v -0.067104 1.271431 0.627530
v 0.067104 1.314381 0.627530
v -0.067104 1.314381 0.627530
v 0.067104 1.357331 0.627530
v 0.000000 1.357331 0.627530
v -0.067104 1.357331 0.627530
v -0.067104 1.271431 0.583457
v 0.000000 1.271431 0.583457
v 0.067104 1.271431 0.583457
v -0.067104 1.314381 0.583457
v 0.067104 1.314381 0.583457
v -0.067104 1.357331 0.583457
v 0.000000 1.357331 0.583457
v 0.067104 1.357331 0.583457
vn 0.9642 0.2652 -0.0000
vn -0.0000 0.1798 -0.9837
vn -0.0000 -1.0000 -0.0000
vn 0.9761 -0.2175 -0.0000
vn -0.0000 -0.4723 -0.8815
vn -0.0000 -0.4778 0.8785
vn -0.0000 0.1798 0.9837
vn -0.0000 1.0000 -0.0000
vn -0.9761 -0.2175 -0.0000
vn -0.9642 0.2652 -0.0000
vn -0.0000 0.1398 0.9902
vn -0.0000 0.1398 -0.9902
vn 0.9815 0.1915 -0.0000
vn -0.9815 0.1915 -0.0000
vn -0.0000 -0.1339 -0.9910
vn 0.0118 -0.1335 0.9910
vn -0.0118 -0.1335 -0.9910
vn 0.0006 -1.0000 -0.0000
vn -0.0000 -0.1495 -0.9888
vn -0.9802 -0.1981 -0.0000
vn -0.0000 -0.1495 0.9888
vn 0.9802 -0.1981 -0.0000
vn -0.0006 -1.0000 -0.0000
vn -0.0100 -0.1384 -0.9903
vn -0.0109 -0.1383 -0.9903
vn -0.0120 -0.1381 -0.9903
vn 0.0100 -0.1384 -0.9903
vn -0.0000 -0.1398 -0.9902
vn 0.0109 -0.1383 -0.9903
vn 0.0120 -0.1381 -0.9903
vn 0.0118 -0.1335 -0.9910
vn -0.9815 -0.1915 -0.0000
vn 0.0100 -0.1384 0.9903
vn 0.0109 -0.1383 0.9903
vn 0.0120 -0.1381 0.9903
vn -0.0100 -0.1384 0.9903
vn -0.0000 -0.1398 0.9902
vn -0.0109 -0.1383 0.9903
vn -0.0120 -0.1381 0.9903
vn -0.0118 -0.1335 0.9910
vn 0.9815 -0.1915 -0.0000
vn -0.0000 -0.1339 0.9910
vn -0.9824 -0.1870 -0.0000
vn 0.9824 -0.1870 -0.0000
vn -1.0000 -0.0000 -0.0000
vn 1.0000 -0.0000 -0.0000
vn -0.7138 0.5769 -0.3970
vn 0.7138 0.5769 -0.3970
vn 0.7138 0.5769 0.3970
vn -0.7138 0.5769 0.3970
vn -0.0000 -0.0000 -1.0000
vn -0.0000 -0.0000 1.0000
vt 0.375000 0.500000
vt 0.625000 0.500000
vt 0.625000 0.750000
vt 0.375000 0.750000
vt 0.375000 0.375000
vt 0.625000 0.375000
vt 0.250000 0.500000
vt 0.250000 0.750000
vt 0.375000 0.875000
vt 0.625000 0.875000
vt 0.750000 0.500000
vt 0.750000 0.750000
vt 0.581349 0.812500
vt 0.625000 0.812500
vt 0.581349 0.875000
vt 0.581349 0.437500
vt 0.625000 0.437500
vt 0.581349 0.500000
vt 0.625000 0.937500
vt 0.581349 0.937500
vt 0.625000 1.000000
vt 0.581349 1.000000
vt 0.125000 0.500000
vt 0.125000 0.750000
vt 0.812500 0.500000
vt 0.875000 0.500000
vt 0.875000 0.750000
vt 0.812500 0.750000
vt 0.450397 0.750000
vt 0.450397 0.812500
vt 0.450397 0.875000
vt 0.450397 0.937500
vt 0.450397 1.000000
vt 0.375000 1.000000
vt 0.450397 0.500000
vt 0.375000 0.250000
vt 0.450397 0.250000
vt 0.450397 0.312500
vt 0.450397 0.375000
vt 0.450397 0.437500
vt 0.375000 0.000000
vt 0.450397 0.000000
vt 0.687500 0.500000
vt 0.687500 0.750000
vt 0.494048 0.937500
vt 0.494048 1.000000
vt 0.537699 0.937500
vt 0.537699 1.000000
vt 0.494048 0.750000
vt 0.494048 0.812500
vt 0.494048 0.875000
vt 0.537699 0.750000
vt 0.537699 0.812500
vt 0.537699 0.875000
vt 0.581349 0.750000
vt 0.494048 0.500000
vt 0.537699 0.500000
vt 0.494048 0.437500
vt 0.537699 0.437500
vt 0.494048 0.250000
vt 0.494048 0.312500
vt 0.494048 0.375000
vt 0.537699 0.250000
vt 0.537699 0.312500
vt 0.537699 0.375000
vt 0.581349 0.250000
vt 0.581349 0.312500
vt 0.581349 0.375000
vt 0.625000 0.250000
vt 0.625000 0.312500
vt 0.494048 0.000000
vt 0.537699 0.000000
vt 0.581349 0.000000
vt 0.481707 0.000000
vt 0.493983 0.000000
vt 0.493983 0.250000
vt 0.481707 0.250000
vt 0.493983 0.500000
vt 0.481707 0.500000
vt 0.493983 0.750000
vt 0.481707 0.750000
vt 0.493983 1.000000
vt 0.481707 1.000000
vt 0.625000 0.000000
vt 0.562500 0.000000
vt 0.562500 0.250000
vt 0.562500 0.437500
vt 0.562500 0.500000
vt 0.562500 0.750000
vt 0.562500 0.937500
vt 0.562500 1.000000
vt 0.312500 0.500000
vt 0.312500 0.750000
vt 0.187500 0.500000
vt 0.187500 0.750000
vt 0.250000 0.500000
vt 0.375000 0.937500
vt 0.437500 0.937500
vt 0.437500 1.000000
vt 0.500000 0.937500
vt 0.500000 1.000000
vt 0.437500 0.750000
vt 0.437500 0.812500
vt 0.375000 0.812500
vt 0.437500 0.875000
vt 0.375000 0.875000
vt 0.500000 0.750000
vt 0.500000 0.812500
vt 0.562500 0.812500
vt 0.562500 0.875000
vt 0.437500 0.500000
vt 0.500000 0.500000
vt 0.375000 0.437500
vt 0.437500 0.437500
vt 0.500000 0.437500
vt 0.437500 0.250000
vt 0.437500 0.312500
vt 0.375000 0.312500
vt 0.437500 0.375000
vt 0.500000 0.250000
vt 0.500000 0.312500
vt 0.562500 0.312500
vt 0.562500 0.375000
vt 0.437500 0.000000
vt 0.500000 0.000000
s 0
usemtl SHIRT
f 2/1/1 1/2/1 3/3/1 4/4/1
f 7/5/2 10/6/2 1/2/2 2/1/2
f 4/4/7 3/3/7 8/10/7 9/9/7
f 1/2/8 10/11/8 8/12/8 3/3/8
f 14/1/10 16/4/10 15/3/10 13/2/10
f 7/5/2 14/1/2 13/2/2 10/6/2
f 16/4/7 9/9/7 8/10/7 15/3/7
f 13/2/8 15/3/8 8/12/8 10/11/8
f 61/13/11 38/14/11 62/15/11
f 72/16/12 37/17/12 28/2/12 43/18/12
f 62/15/11 39/19/11 63/20/11
f 63/20/11 39/19/11 22/21/11 35/22/11
f 36/25/8 24/26/8 22/27/8 39/28/8
f 28/2/8 37/43/8 38/44/8 26/3/8
f 51/32/11 57/45/11 33/46/11 29/33/11
f 57/45/11 60/47/11 34/48/11 33/46/11
f 60/47/11 63/20/11 35/22/11 34/48/11
f 32/29/11 48/49/11 55/50/11 49/30/11
f 49/30/11 55/50/11 56/51/11 50/31/11
f 50/31/11 56/51/11 57/45/11 51/32/11
f 48/49/11 47/52/11 58/53/11 55/50/11
f 55/50/11 58/53/11 59/54/11 56/51/11
f 56/51/11 59/54/11 60/47/11 57/45/11
f 47/52/11 46/55/11 61/13/11 58/53/11
f 58/53/11 61/13/11 62/15/11 59/54/11
f 59/54/11 62/15/11 63/20/11 60/47/11
f 46/55/11 26/3/11 38/14/11 61/13/11
f 31/35/13 45/56/13 48/49/13 32/29/13
f 45/56/13 44/57/13 47/52/13 48/49/13
f 44/57/13 43/18/13 46/55/13 47/52/13
f 54/40/12 66/58/12 45/56/12 31/35/12
f 66/58/12 69/59/12 44/57/12 45/56/12
f 69/59/12 72/16/12 43/18/12 44/57/12
f 30/37/12 42/60/12 64/61/12 52/38/12
f 52/38/12 64/61/12 65/62/12 53/39/12
f 53/39/12 65/62/12 66/58/12 54/40/12
f 42/60/12 41/63/12 67/64/12 64/61/12
f 64/61/12 67/64/12 68/65/12 65/62/12
f 65/62/12 68/65/12 69/59/12 66/58/12
f 41/63/12 40/66/12 70/67/12 67/64/12
f 67/64/12 70/67/12 71/68/12 68/65/12
f 68/65/12 71/68/12 72/16/12 69/59/12
f 40/66/12 24/69/12 36/70/12 70/67/12
f 29/42/14 33/71/14 42/60/14 30/37/14
f 33/71/14 34/72/14 41/63/14 42/60/14
f 34/72/14 35/73/14 40/66/14 41/63/14
f 71/68/12 37/17/12 72/16/12
f 70/67/12 36/70/12 71/68/12
f 26/3/13 46/55/13 43/18/13 28/2/13
f 35/73/14 22/27/14 24/69/14 40/66/14
f 113/13/15 114/15/15 90/14/15
f 124/16/16 95/18/16 80/2/16 89/17/16
f 114/15/15 115/20/15 91/19/15
f 115/20/17 87/22/17 74/21/17 91/19/17
f 88/25/18 91/28/18 74/27/18 76/26/18
f 80/2/23 78/3/23 90/44/23 89/43/23
f 103/32/24 81/33/24 85/46/24 109/45/24
f 109/45/25 85/46/25 86/48/25 112/47/25
f 112/47/26 86/48/26 87/22/26 115/20/26
f 84/29/27 101/30/27 107/50/27 100/49/27
f 101/30/28 102/31/28 108/51/28 107/50/28
f 102/31/28 103/32/28 109/45/28 108/51/28
f 100/49/29 107/50/29 110/53/29 99/52/29
f 107/50/28 108/51/28 111/54/28 110/53/28
f 108/51/28 109/45/28 112/47/28 111/54/28
f 99/52/30 110/53/30 113/13/30 98/55/30
f 110/53/28 111/54/28 114/15/28 113/13/28
f 111/54/28 112/47/28 115/20/28 114/15/28
f 98/55/31 113/13/31 90/14/31 78/3/31
f 83/35/32 84/29/32 100/49/32 97/56/32
f 97/56/32 100/49/32 99/52/32 96/57/32
f 96/57/32 99/52/32 98/55/32 95/18/32
f 106/40/33 83/35/33 97/56/33 118/58/33
f 118/58/34 97/56/34 96/57/34 121/59/34
f 121/59/35 96/57/35 95/18/35 124/16/35
f 82/37/36 104/38/36 116/61/36 94/60/36
f 104/38/37 105/39/37 117/62/37 116/61/37
f 105/39/37 106/40/37 118/58/37 117/62/37
f 94/60/38 116/61/38 119/64/38 93/63/38
f 116/61/37 117/62/37 120/65/37 119/64/37
f 117/62/37 118/58/37 121/59/37 120/65/37
f 93/63/39 119/64/39 122/67/39 92/66/39
f 119/64/37 120/65/37 123/68/37 122/67/37
f 120/65/37 121/59/37 124/16/37 123/68/37
f 92/66/40 122/67/40 88/70/40 76/69/40
f 81/42/41 82/37/41 94/60/41 85/71/41
f 85/71/41 94/60/41 93/63/41 86/72/41
f 86/72/41 93/63/41 92/66/41 87/73/41
f 123/68/42 124/16/42 89/17/42
f 122/67/42 123/68/42 88/70/42
f 78/3/43 80/2/43 95/18/43 98/55/43
f 87/73/44 92/66/44 76/69/44 74/27/44
f 38/44/45 37/43/45 89/43/45 90/44/45
f 36/25/46 39/28/46 91/28/46 88/25/46
f 62/15/47 38/14/47 90/14/47 114/15/47
f 39/19/48 62/15/48 114/15/48 91/19/48
f 71/68/49 36/70/49 88/70/49 123/68/49
f 37/17/50 71/68/50 123/68/50 89/17/50
usemtl Material.002
f 11/7/3 5/1/3 6/4/3 12/8/3
f 2/1/4 4/4/4 6/4/4 5/1/4
f 7/5/5 2/1/5 5/1/5 11/5/5
f 4/4/6 9/9/6 12/9/6 6/4/6
f 12/8/9 9/9/9 7/5/9 11/7/9
f 19/7/3 20/8/3 18/4/3 17/1/3
f 14/1/9 17/1/9 18/4/9 16/4/9
f 7/5/5 19/5/5 17/1/5 14/1/5
f 16/4/6 18/4/6 20/9/6 9/9/6
f 20/8/4 19/7/4 7/5/4 9/9/4
usemtl SHORTS
f 23/23/3 27/1/3 25/4/3 21/24/3
f 25/4/11 32/29/11 49/30/11 50/31/11 51/32/11 29/33/11 21/34/11
f 27/1/13 31/35/13 32/29/13 25/4/13
f 23/36/12 30/37/12 52/38/12 53/39/12 54/40/12 31/35/12 27/1/12
f 21/41/14 29/42/14 30/37/14 23/36/14
f 75/23/8 73/24/8 77/4/8 79/1/8
f 77/4/19 73/34/19 81/33/19 103/32/19 102/31/19 101/30/19 84/29/19
f 79/1/20 77/4/20 84/29/20 83/35/20
f 75/36/21 79/1/21 83/35/21 106/40/21 105/39/21 104/38/21 82/37/21
f 73/41/22 75/36/22 82/37/22 81/42/22
f 133/41/45 134/84/45 136/69/45 135/36/45
f 135/36/51 136/69/51 140/2/51 139/1/51
f 139/1/46 140/2/46 138/3/46 137/4/46
f 137/4/52 138/3/52 134/21/52 133/34/52
f 135/23/3 139/1/3 137/4/3 133/24/3
f 140/2/8 136/26/8 134/27/8 138/3/8
usemtl BELT
f 128/74/14 129/75/14 130/76/14 125/77/14
f 125/77/12 130/76/12 131/78/12 126/79/12
f 126/79/13 131/78/13 132/80/13 127/81/13
f 127/81/11 132/80/11 129/82/11 128/83/11
usemtl SHORTS.001
f 141/41/45 142/84/45 144/69/45 143/36/45
f 143/36/51 144/69/51 148/2/51 147/1/51
f 147/1/46 148/2/46 146/3/46 145/4/46
f 145/4/52 146/3/52 142/21/52 141/34/52
f 143/23/3 147/1/3 145/4/3 141/24/3
f 148/2/8 144/26/8 142/27/8 146/3/8
usemtl SKIN.001
f 149/41/14 150/84/14 152/69/14 151/36/14
f 151/36/12 152/69/12 156/2/12 155/1/12
f 155/1/13 156/2/13 154/3/13 153/4/13
f 153/4/11 154/3/11 150/21/11 149/34/11
f 151/23/3 155/1/3 153/4/3 149/24/3
f 156/2/8 152/26/8 150/27/8 154/3/8
f 167/85/45 158/84/45 160/69/45 168/86/45
f 204/87/51 176/17/51 164/2/51 177/88/51
f 177/88/46 164/2/46 162/3/46 180/89/46
f 196/90/52 188/19/52 158/21/52 167/91/52
f 171/92/3 163/1/3 161/4/3 185/93/3
f 174/25/8 160/26/8 158/27/8 188/28/8
f 164/2/8 176/43/8 186/44/8 162/3/8
f 176/43/8 175/11/8 187/12/8 186/44/8
f 175/11/8 174/25/8 188/28/8 187/12/8
f 159/23/3 173/94/3 183/95/3 157/24/3
f 173/94/3 172/96/3 184/8/3 183/95/3
f 172/96/3 171/92/3 185/93/3 184/8/3
f 183/97/52 191/98/52 165/99/52 157/34/52
f 191/98/52 193/100/52 166/101/52 165/99/52
f 193/100/52 196/90/52 167/91/52 166/101/52
f 161/4/52 182/102/52 189/103/52 185/104/52
f 185/104/52 189/103/52 190/105/52 184/106/52
f 184/106/52 190/105/52 191/98/52 183/97/52
f 182/102/52 181/107/52 192/108/52 189/103/52
f 181/107/52 180/89/52 194/109/52 192/108/52
f 180/89/52 162/3/52 186/14/52 194/109/52
f 194/109/52 186/14/52 187/10/52 195/110/52
f 195/110/52 187/10/52 188/19/52 196/90/52
f 163/1/46 179/111/46 182/102/46 161/4/46
f 179/111/46 178/112/46 181/107/46 182/102/46
f 178/112/46 177/88/46 180/89/46 181/107/46
f 171/113/51 199/114/51 179/111/51 163/1/51
f 199/114/51 201/115/51 178/112/51 179/111/51
f 201/115/51 204/87/51 177/88/51 178/112/51
f 159/36/51 170/116/51 197/117/51 173/118/51
f 173/118/51 197/117/51 198/119/51 172/5/51
f 172/5/51 198/119/51 199/114/51 171/113/51
f 170/116/51 169/120/51 200/121/51 197/117/51
f 169/120/51 168/86/51 202/122/51 200/121/51
f 168/86/51 160/69/51 174/70/51 202/122/51
f 202/122/51 174/70/51 175/6/51 203/123/51
f 203/123/51 175/6/51 176/17/51 204/87/51
f 157/41/45 165/124/45 170/116/45 159/36/45
f 165/124/45 166/125/45 169/120/45 170/116/45
f 166/125/45 167/85/45 168/86/45 169/120/45
f 194/109/3 195/110/3 196/90/3 202/122/3 203/123/3 204/87/3
f 191/98/46 197/117/46 200/121/46 202/122/46 196/90/46 193/100/46
f 189/103/8 199/114/8 198/119/8 197/117/8 191/98/8 190/105/8
f 189/103/45 192/108/45 194/109/45 204/87/45 201/115/45 199/114/45
o HEAD
v 0.680948 2.713871 0.674212
v 0.826673 4.491530 0.819937
v 0.680948 2.713871 -0.747004
v 0.826673 4.491530 -0.892728
v -0.029660 2.713871 -0.747004
v -0.029660 4.491530 -0.892728
v -0.029660 2.713871 0.674212
v -0.029660 4.491530 0.819937
v 0.778098 3.898977 -0.844154
v 0.729523 3.306424 -0.795579
v 0.680948 2.713871 0.200474
v 0.680948 2.713871 -0.273265
v 0.826673 4.491530 -0.321840
v 0.826673 4.491530 0.249049
v 0.778098 3.898977 0.771362
v 0.729523 3.306424 0.722787
v 0.735054 3.373889 -0.253533
v 0.729523 3.306424 0.216665
v 0.773870 3.847402 -0.256559
v 0.774448 3.854445 0.170269
v 0.726367 3.267925 -0.051963
v 0.781877 3.945078 -0.023257
v 0.753671 3.600996 -0.341384
v 0.760214 3.680810 0.204746
v 0.891558 3.256860 -0.065233
v 0.758959 3.295359 0.168408
v 0.925049 3.934013 -0.012472
v 0.821139 3.843379 0.150961
v 1.060944 3.589931 -0.301492
v 1.000605 3.362824 -0.234982
v 0.791475 3.669745 0.173573
v 1.035661 3.836337 -0.218042
v 0.885699 3.603966 -0.064368
v -0.740267 2.713871 0.674212
v -0.885992 4.491530 0.819937
v -0.740267 2.713871 -0.747004
v -0.885992 4.491530 -0.892728
v -0.837417 3.898977 -0.844154
v -0.788842 3.306424 -0.795579
v -0.740267 2.713871 0.200474
v -0.740267 2.713871 -0.273265
v -0.885992 4.491530 -0.321840
v -0.885992 4.491530 0.249049
v -0.837417 3.898977 0.771362
v -0.788842 3.306424 0.722787
v -0.794373 3.373889 -0.253533
v -0.788842 3.306424 0.216665
v -0.833189 3.847402 -0.256559
v -0.833767 3.854445 0.170269
v -0.785686 3.267925 -0.051963
v -0.841196 3.945078 -0.023257
v -0.812990 3.600996 -0.341384
v -0.819533 3.680810 0.204746
v -0.950877 3.256860 -0.065233
v -0.818278 3.295359 0.168408
v -0.984368 3.934013 -0.012472
v -0.880458 3.843379 0.150961
v -1.120263 3.589931 -0.301492
v -1.059924 3.362824 -0.234982
v -0.850794 3.669745 0.173573
v -1.094980 3.836337 -0.218042
v -0.945018 3.603966 -0.064368
v -0.111135 3.270257 0.795977
v -0.111135 3.361369 0.795977
v -0.111135 3.270257 0.702461
v -0.111135 3.361369 0.702461
v 0.051816 3.270257 0.795977
v 0.051816 3.361369 0.795977
v 0.051816 3.270257 0.702461
v 0.051816 3.361369 0.702461
v 0.396847 3.587146 0.728814
v 0.396847 3.566817 0.718687
v 0.396847 3.539630 0.711548
v 0.396847 3.524735 0.709460
v 0.396847 3.509727 0.708482
v 0.396847 3.481657 0.709956
v 0.398874 3.597513 0.740493
v 0.400822 3.593697 0.734739
v 0.402618 3.587115 0.729122
v 0.404192 3.578023 0.723857
v 0.405484 3.566770 0.719148
v 0.406444 3.553787 0.715175
v 0.407035 3.539575 0.712091
v 0.407234 3.524678 0.710015
v 0.407035 3.509671 0.709025
v 0.406444 3.495128 0.709161
v 0.405484 3.481609 0.710417
v 0.404192 3.469635 0.712745
v 0.402618 3.459663 0.716055
v 0.400822 3.452080 0.720220
v 0.398874 3.447174 0.725080
v 0.400822 3.597480 0.740813
v 0.404644 3.593632 0.735367
v 0.408167 3.587021 0.730033
v 0.411254 3.577904 0.725018
v 0.413788 3.566630 0.720513
v 0.415671 3.553632 0.716692
v 0.416831 3.539410 0.713701
v 0.417222 3.524510 0.711656
v 0.416831 3.509506 0.710635
v 0.415671 3.494973 0.710678
v 0.413788 3.481470 0.711782
v 0.411254 3.469516 0.713905
v 0.408167 3.459570 0.716967
v 0.404644 3.452015 0.720848
v 0.400822 3.447142 0.725400
v 0.402618 3.597427 0.741333
v 0.408167 3.593527 0.736387
v 0.413281 3.586870 0.731514
v 0.417763 3.577711 0.726903
v 0.421442 3.566402 0.722729
v 0.424175 3.553380 0.719154
v 0.425859 3.539142 0.716316
v 0.426427 3.524237 0.714322
v 0.425859 3.509237 0.713250
v 0.424175 3.494720 0.713140
v 0.421442 3.481242 0.713998
v 0.417763 3.469323 0.715790
v 0.413281 3.459418 0.718447
v 0.408167 3.451911 0.721868
v 0.402618 3.447088 0.725920
v 0.404192 3.597355 0.742033
v 0.411254 3.593387 0.737760
v 0.417763 3.586666 0.733507
v 0.423468 3.577451 0.729439
v 0.428150 3.566097 0.725712
v 0.431629 3.553040 0.722469
v 0.433772 3.538781 0.719834
v 0.434495 3.523870 0.717909
v 0.433772 3.508877 0.716768
v 0.431629 3.494380 0.716455
v 0.428150 3.480937 0.716981
v 0.423468 3.469062 0.718327
v 0.417763 3.459214 0.720440
v 0.411254 3.451770 0.723241
v 0.404192 3.447016 0.726620
v 0.405484 3.597268 0.742886
v 0.413788 3.593215 0.739433
v 0.421442 3.586416 0.735936
v 0.428150 3.577134 0.732530
v 0.433656 3.565724 0.729346
v 0.437747 3.552626 0.726507
v 0.440266 3.538342 0.724121
v 0.441116 3.523421 0.722280
v 0.440266 3.508437 0.721055
v 0.437747 3.493966 0.720493
v 0.433656 3.480564 0.720616
v 0.428150 3.468746 0.721418
v 0.421442 3.458965 0.722869
v 0.413788 3.451599 0.724913
v 0.405484 3.446929 0.727473
v 0.396847 3.598420 0.746163
v 0.406444 3.597168 0.743859
v 0.415671 3.593019 0.741341
v 0.424175 3.586133 0.738706
v 0.431629 3.576772 0.736056
v 0.437747 3.565299 0.733493
v 0.442292 3.552153 0.731114
v 0.445091 3.537840 0.729012
v 0.446036 3.522910 0.727267
v 0.445091 3.507936 0.725946
v 0.442292 3.493494 0.725100
v 0.437747 3.480139 0.724762
v 0.431629 3.468384 0.724944
v 0.424175 3.458681 0.725640
v 0.415671 3.451403 0.726822
v 0.406444 3.446829 0.728445
v 0.407035 3.597060 0.744915
v 0.416831 3.592807 0.743412
v 0.425859 3.585824 0.741713
v 0.433772 3.576381 0.739883
v 0.440266 3.564838 0.737992
v 0.445091 3.551641 0.736114
v 0.448063 3.537296 0.734319
v 0.449066 3.522355 0.732678
v 0.448063 3.507391 0.731253
v 0.445091 3.492981 0.730100
v 0.440266 3.479677 0.729261
v 0.433772 3.467992 0.728770
v 0.425859 3.458373 0.728646
v 0.416831 3.451190 0.728893
v 0.407035 3.446721 0.729501
v 0.407234 3.596947 0.746012
v 0.417222 3.592586 0.745565
v 0.426427 3.585504 0.744839
v 0.434495 3.575973 0.743862
v 0.441116 3.564358 0.742671
v 0.446036 3.551107 0.741313
v 0.449066 3.536730 0.739839
v 0.450089 3.521778 0.738306
v 0.449066 3.506826 0.736773
v 0.446036 3.492448 0.735299
v 0.441116 3.479198 0.733940
v 0.434495 3.467584 0.732750
v 0.426427 3.458052 0.731772
v 0.417222 3.450970 0.731046
v 0.407234 3.446609 0.730599
v 0.407035 3.596835 0.747110
v 0.416831 3.592365 0.747719
v 0.425859 3.585183 0.747966
v 0.433772 3.575564 0.747841
v 0.440266 3.563879 0.747350
v 0.445091 3.550575 0.746512
v 0.448063 3.536164 0.745358
v 0.449066 3.521201 0.743933
v 0.448063 3.506260 0.742292
v 0.445091 3.491915 0.740498
v 0.440266 3.478718 0.738619
v 0.433772 3.467176 0.736729
v 0.425859 3.457732 0.734899
v 0.416831 3.450749 0.733200
v 0.407035 3.446496 0.731697
v 0.406444 3.596727 0.748166
v 0.415671 3.592154 0.749790
v 0.424175 3.584875 0.750972
v 0.431629 3.575172 0.751667
v 0.437747 3.563417 0.751850
v 0.442292 3.550063 0.751511
v 0.445091 3.535620 0.750665
v 0.446036 3.520646 0.749344
v 0.445091 3.505716 0.747599
v 0.442292 3.491403 0.745497
v 0.437747 3.478257 0.743119
v 0.431629 3.466784 0.740555
v 0.424175 3.457424 0.737905
v 0.415671 3.450537 0.735270
v 0.406444 3.446388 0.732753
v 0.405484 3.596627 0.749139
v 0.413788 3.591958 0.751698
v 0.421442 3.584591 0.753743
v 0.428150 3.574810 0.755194
v 0.433656 3.562992 0.755996
v 0.437747 3.549590 0.756118
v 0.440266 3.535119 0.755556
v 0.441116 3.520135 0.754331
v 0.440266 3.505214 0.752490
v 0.437747 3.490930 0.750104
v 0.433656 3.477832 0.747265
v 0.428150 3.466422 0.744081
v 0.421442 3.457139 0.740676
v 0.413788 3.450341 0.737179
v 0.405484 3.446288 0.733725
v 0.404192 3.596539 0.749992
v 0.411254 3.591786 0.753371
v 0.417763 3.584342 0.756171
v 0.423468 3.574494 0.758285
v 0.428150 3.562619 0.759630
v 0.431629 3.549176 0.760157
v 0.433772 3.534679 0.759843
v 0.434495 3.519687 0.758702
v 0.433772 3.504775 0.756777
v 0.431629 3.490516 0.754143
v 0.428150 3.477459 0.750899
v 0.423468 3.466105 0.747172
v 0.417763 3.456891 0.743104
v 0.411254 3.450170 0.738852
v 0.404192 3.446200 0.734578
v 0.402618 3.596467 0.750692
v 0.408167 3.591645 0.754744
v 0.413281 3.584137 0.758164
v 0.417763 3.574233 0.760821
v 0.421442 3.562313 0.762613
v 0.424175 3.548836 0.763471
v 0.425859 3.534318 0.763362
v 0.426427 3.519319 0.762290
v 0.425859 3.504414 0.760296
v 0.424175 3.490176 0.757457
v 0.421442 3.477153 0.753882
v 0.417763 3.465845 0.749709
v 0.413281 3.456686 0.745097
v 0.408167 3.450029 0.740224
v 0.402618 3.446129 0.735278
v 0.400822 3.596414 0.751212
v 0.404644 3.591540 0.755764
v 0.408167 3.583985 0.759645
v 0.411254 3.574040 0.762706
v 0.413788 3.562086 0.764830
v 0.415671 3.548584 0.765934
v 0.416831 3.534050 0.765976
v 0.417222 3.519045 0.764955
v 0.416831 3.504146 0.762910
v 0.415671 3.489924 0.759920
v 0.413788 3.476926 0.756099
v 0.411254 3.465652 0.751593
v 0.408167 3.456534 0.746578
v 0.404644 3.449924 0.741244
v 0.400822 3.446075 0.735798
v 0.398874 3.596382 0.751532
v 0.400822 3.591476 0.756392
v 0.402618 3.583892 0.760557
v 0.404192 3.573921 0.763867
v 0.405484 3.561947 0.766194
v 0.406444 3.548428 0.767450
v 0.407035 3.533885 0.767586
v 0.407234 3.518878 0.766597
v 0.407035 3.503981 0.764520
v 0.406444 3.489769 0.761436
v 0.405484 3.476786 0.757463
v 0.404192 3.465533 0.752754
v 0.402618 3.456441 0.747490
v 0.400822 3.449860 0.741873
v 0.398874 3.446043 0.736118
v 0.396847 3.596370 0.751640
v 0.396847 3.591454 0.756604
v 0.396847 3.583861 0.760865
v 0.396847 3.573881 0.764259
v 0.396847 3.561899 0.766655
v 0.396847 3.548376 0.767962
v 0.396847 3.533830 0.768130
v 0.396847 3.518821 0.767151
v 0.396847 3.503925 0.765064
v 0.396847 3.489716 0.761948
v 0.396847 3.476739 0.757924
v 0.396847 3.465492 0.753146
v 0.396847 3.456409 0.747798
v 0.396847 3.449838 0.742085
v 0.396847 3.446032 0.736226
v 0.394821 3.596382 0.751532
v 0.392872 3.591476 0.756392
v 0.391076 3.583892 0.760557
v 0.389502 3.573921 0.763867
v 0.388211 3.561947 0.766194
v 0.387251 3.548428 0.767450
v 0.386660 3.533885 0.767586
v 0.386460 3.518878 0.766597
v 0.386660 3.503981 0.764520
v 0.387251 3.489769 0.761436
v 0.388211 3.476786 0.757463
v 0.389502 3.465533 0.752754
v 0.391076 3.456441 0.747490
v 0.392872 3.449860 0.741873
v 0.394821 3.446043 0.736118
v 0.392872 3.596414 0.751212
v 0.389050 3.591540 0.755764
v 0.385527 3.583985 0.759645
v 0.382440 3.574040 0.762706
v 0.379906 3.562086 0.764830
v 0.378023 3.548584 0.765934
v 0.376864 3.534050 0.765976
v 0.376472 3.519045 0.764955
v 0.376864 3.504146 0.762910
v 0.378023 3.489924 0.759920
v 0.379906 3.476926 0.756099
v 0.382440 3.465652 0.751593
v 0.385527 3.456534 0.746578
v 0.389050 3.449924 0.741244
v 0.392872 3.446075 0.735798
v 0.391076 3.596467 0.750692
v 0.385527 3.591645 0.754744
v 0.380414 3.584137 0.758164
v 0.375931 3.574233 0.760821
v 0.372252 3.562313 0.762613
v 0.369519 3.548836 0.763471
v 0.367836 3.534318 0.763362
v 0.367267 3.519319 0.762290
v 0.367836 3.504414 0.760296
v 0.369519 3.490176 0.757457
v 0.372252 3.477153 0.753882
v 0.375931 3.465845 0.749709
v 0.380414 3.456686 0.745097
v 0.385527 3.450029 0.740224
v 0.391076 3.446129 0.735278
v 0.389502 3.596539 0.749992
v 0.382440 3.591786 0.753371
v 0.375931 3.584342 0.756171
v 0.370226 3.574494 0.758285
v 0.365544 3.562619 0.759630
v 0.362065 3.549176 0.760157
v 0.359923 3.534679 0.759843
v 0.359199 3.519687 0.758702
v 0.359923 3.504775 0.756777
v 0.362065 3.490516 0.754143
v 0.365544 3.477459 0.750899
v 0.370226 3.466105 0.747172
v 0.375931 3.456891 0.743104
v 0.382440 3.450170 0.738852
v 0.389502 3.446200 0.734578
v 0.396847 3.445136 0.730448
v 0.388211 3.596627 0.749139
v 0.379906 3.591958 0.751698
v 0.372252 3.584591 0.753743
v 0.365544 3.574810 0.755194
v 0.360039 3.562992 0.755996
v 0.355948 3.549590 0.756118
v 0.353429 3.535119 0.755556
v 0.352578 3.520135 0.754331
v 0.353429 3.505214 0.752490
v 0.355948 3.490930 0.750104
v 0.360039 3.477832 0.747265
v 0.365544 3.466422 0.744081
v 0.372252 3.457139 0.740676
v 0.379906 3.450341 0.737179
v 0.388211 3.446288 0.733725
v 0.387251 3.596727 0.748166
v 0.378023 3.592154 0.749790
v 0.369519 3.584875 0.750972
v 0.362065 3.575172 0.751667
v 0.355948 3.563417 0.751850
v 0.351402 3.550063 0.751511
v 0.348603 3.535620 0.750665
v 0.347658 3.520646 0.749344
v 0.348603 3.505716 0.747599
v 0.351402 3.491403 0.745497
v 0.355948 3.478257 0.743119
v 0.362065 3.466784 0.740555
v 0.369519 3.457424 0.737905
v 0.378023 3.450537 0.735270
v 0.387251 3.446388 0.732753
v 0.386660 3.596835 0.747110
v 0.376864 3.592365 0.747719
v 0.367836 3.585183 0.747966
v 0.359923 3.575564 0.747841
v 0.353429 3.563879 0.747350
v 0.348603 3.550575 0.746512
v 0.345631 3.536164 0.745358
v 0.344628 3.521201 0.743933
v 0.345631 3.506260 0.742292
v 0.348603 3.491915 0.740498
v 0.353429 3.478718 0.738619
v 0.359923 3.467176 0.736729
v 0.367836 3.457732 0.734899
v 0.376864 3.450749 0.733200
v 0.386660 3.446496 0.731697
v 0.386460 3.596947 0.746012
v 0.376472 3.592586 0.745565
v 0.367267 3.585504 0.744839
v 0.359199 3.575973 0.743862
v 0.352578 3.564358 0.742671
v 0.347658 3.551107 0.741313
v 0.344628 3.536730 0.739839
v 0.343605 3.521778 0.738306
v 0.344628 3.506826 0.736773
v 0.347658 3.492448 0.735299
v 0.352578 3.479198 0.733940
v 0.359199 3.467584 0.732750
v 0.367267 3.458052 0.731772
v 0.376472 3.450970 0.731046
v 0.386460 3.446609 0.730599
v 0.386660 3.597060 0.744915
v 0.376864 3.592807 0.743412
v 0.367836 3.585824 0.741713
v 0.359923 3.576381 0.739883
v 0.353429 3.564838 0.737992
v 0.348603 3.551641 0.736114
v 0.345631 3.537296 0.734319
v 0.344628 3.522355 0.732678
v 0.345631 3.507391 0.731253
v 0.348603 3.492981 0.730100
v 0.353429 3.479677 0.729261
v 0.359923 3.467992 0.728770
v 0.367836 3.458373 0.728646
v 0.376864 3.451190 0.728893
v 0.386660 3.446721 0.729501
v 0.387251 3.597168 0.743859
v 0.378023 3.593019 0.741341
v 0.369519 3.586133 0.738706
v 0.362065 3.576772 0.736056
v 0.355948 3.565299 0.733493
v 0.351402 3.552153 0.731114
v 0.348603 3.537840 0.729012
v 0.347658 3.522910 0.727267
v 0.348603 3.507936 0.725946
v 0.351402 3.493494 0.725100
v 0.355948 3.480139 0.724762
v 0.362065 3.468384 0.724944
v 0.369519 3.458681 0.725640
v 0.378023 3.451403 0.726822
v 0.387251 3.446829 0.728445
v 0.388211 3.597268 0.742886
v 0.379906 3.593215 0.739433
v 0.372253 3.586416 0.735936
v 0.365544 3.577134 0.732530
v 0.360039 3.565724 0.729346
v 0.355948 3.552626 0.726507
v 0.353429 3.538342 0.724121
v 0.352578 3.523421 0.722280
v 0.353429 3.508437 0.721055
v 0.355948 3.493966 0.720493
v 0.360039 3.480564 0.720616
v 0.365544 3.468746 0.721418
v 0.372253 3.458965 0.722869
v 0.379906 3.451599 0.724913
v 0.388211 3.446929 0.727473
v 0.389502 3.597355 0.742033
v 0.382440 3.593387 0.737760
v 0.375931 3.586666 0.733507
v 0.370226 3.577451 0.729439
v 0.365544 3.566097 0.725712
v 0.362065 3.553040 0.722469
v 0.359923 3.538781 0.719834
v 0.359199 3.523870 0.717909
v 0.359923 3.508877 0.716768
v 0.362065 3.494380 0.716455
v 0.365544 3.480937 0.716981
v 0.370226 3.469062 0.718327
v 0.375931 3.459214 0.720440
v 0.382440 3.451770 0.723241
v 0.389502 3.447016 0.726620
v 0.391076 3.597427 0.741333
v 0.385527 3.593527 0.736387
v 0.380414 3.586870 0.731514
v 0.375931 3.577711 0.726903
v 0.372253 3.566402 0.722729
v 0.369519 3.553380 0.719154
v 0.367836 3.539142 0.716316
v 0.367267 3.524237 0.714322
v 0.367836 3.509237 0.713250
v 0.369519 3.494720 0.713140
v 0.372253 3.481242 0.713998
v 0.375931 3.469323 0.715790
v 0.380414 3.459418 0.718447
v 0.385527 3.451911 0.721868
v 0.391076 3.447088 0.725920
v 0.392872 3.597480 0.740813
v 0.389050 3.593632 0.735367
v 0.385527 3.587021 0.730033
v 0.382440 3.577904 0.725018
v 0.379906 3.566630 0.720513
v 0.378023 3.553632 0.716692
v 0.376864 3.539410 0.713701
v 0.376472 3.524510 0.711656
v 0.376864 3.509506 0.710635
v 0.378023 3.494973 0.710678
v 0.379906 3.481470 0.711782
v 0.382440 3.469516 0.713905
v 0.385527 3.459570 0.716967
v 0.389050 3.452015 0.720848
v 0.392872 3.447142 0.725400
v 0.394821 3.597513 0.740493
v 0.392872 3.593697 0.734739
v 0.391076 3.587115 0.729122
v 0.389502 3.578023 0.723857
v 0.388211 3.566770 0.719148
v 0.387251 3.553787 0.715175
v 0.386660 3.539575 0.712091
v 0.386460 3.524678 0.710015
v 0.386660 3.509671 0.709025
v 0.387251 3.495128 0.709161
v 0.388211 3.481609 0.710417
v 0.389502 3.469635 0.712745
v 0.391076 3.459663 0.716055
v 0.392872 3.452080 0.720220
v 0.394821 3.447174 0.725080
v 0.396847 3.597524 0.740385
v 0.396847 3.593718 0.734527
v 0.396847 3.578063 0.723465
v 0.396847 3.553840 0.714663
v 0.396847 3.495180 0.708649
v 0.396847 3.469675 0.712353
v 0.396847 3.459695 0.715747
v 0.396847 3.452101 0.720008
v 0.396847 3.447186 0.724972
v -0.456166 3.587146 0.728814
v -0.456166 3.566817 0.718687
v -0.456166 3.539630 0.711548
v -0.456166 3.524735 0.709460
v -0.456166 3.509727 0.708482
v -0.456166 3.481657 0.709956
v -0.458193 3.597513 0.740493
v -0.460141 3.593697 0.734739
v -0.461937 3.587115 0.729121
v -0.463511 3.578023 0.723857
v -0.464803 3.566770 0.719148
v -0.465763 3.553787 0.715175
v -0.466354 3.539575 0.712091
v -0.466553 3.524678 0.710015
v -0.466354 3.509671 0.709025
v -0.465763 3.495128 0.709161
v -0.464803 3.481609 0.710417
v -0.463511 3.469635 0.712745
v -0.461937 3.459663 0.716055
v -0.460141 3.452080 0.720220
v -0.458193 3.447174 0.725080
v -0.460141 3.597480 0.740813
v -0.463963 3.593632 0.735367
v -0.467486 3.587021 0.730033
v -0.470574 3.577904 0.725018
v -0.473107 3.566630 0.720513
v -0.474990 3.553632 0.716692
v -0.476150 3.539410 0.713701
v -0.476541 3.524510 0.711656
v -0.476150 3.509505 0.710635
v -0.474990 3.494973 0.710678
v -0.473107 3.481470 0.711782
v -0.470574 3.469516 0.713905
v -0.467486 3.459570 0.716967
v -0.463963 3.452015 0.720848
v -0.460141 3.447142 0.725400
v -0.461937 3.597427 0.741333
v -0.467486 3.593527 0.736387
v -0.472600 3.586870 0.731514
v -0.477082 3.577711 0.726903
v -0.480761 3.566402 0.722729
v -0.483495 3.553380 0.719154
v -0.485178 3.539142 0.716316
v -0.485746 3.524237 0.714322
v -0.485178 3.509237 0.713250
v -0.483495 3.494720 0.713140
v -0.480761 3.481242 0.713998
v -0.477082 3.469323 0.715790
v -0.472600 3.459418 0.718447
v -0.467486 3.451911 0.721868
v -0.461937 3.447088 0.725920
v -0.463511 3.597355 0.742033
v -0.470574 3.593387 0.737760
v -0.477082 3.586666 0.733507
v -0.482787 3.577451 0.729439
v -0.487470 3.566097 0.725712
v -0.490949 3.553040 0.722469
v -0.493091 3.538781 0.719834
v -0.493814 3.523870 0.717909
v -0.493091 3.508877 0.716768
v -0.490949 3.494380 0.716455
v -0.487470 3.480937 0.716981
v -0.482787 3.469062 0.718327
v -0.477082 3.459214 0.720440
v -0.470574 3.451770 0.723241
v -0.463511 3.447016 0.726620
v -0.464803 3.597268 0.742886
v -0.473107 3.593215 0.739432
v -0.480761 3.586416 0.735936
v -0.487470 3.577134 0.732530
v -0.492975 3.565724 0.729346
v -0.497066 3.552626 0.726507
v -0.499585 3.538342 0.724121
v -0.500436 3.523421 0.722280
v -0.499585 3.508437 0.721055
v -0.497066 3.493966 0.720493
v -0.492975 3.480564 0.720615
v -0.487470 3.468746 0.721418
v -0.480761 3.458965 0.722869
v -0.473107 3.451598 0.724913
v -0.464803 3.446929 0.727472
v -0.456166 3.598420 0.746163
v -0.465763 3.597168 0.743859
v -0.474990 3.593019 0.741341
v -0.483495 3.586133 0.738706
v -0.490949 3.576772 0.736056
v -0.497066 3.565299 0.733493
v -0.501611 3.552153 0.731114
v -0.504411 3.537840 0.729012
v -0.505356 3.522910 0.727267
v -0.504411 3.507936 0.725946
v -0.501611 3.493494 0.725100
v -0.497066 3.480139 0.724762
v -0.490949 3.468384 0.724944
v -0.483495 3.458681 0.725640
v -0.474990 3.451403 0.726822
v -0.465763 3.446829 0.728445
v -0.466354 3.597060 0.744914
v -0.476150 3.592807 0.743412
v -0.485178 3.585824 0.741713
v -0.493091 3.576381 0.739883
v -0.499585 3.564838 0.737992
v -0.504411 3.551641 0.736114
v -0.507382 3.537296 0.734319
v -0.508385 3.522355 0.732678
v -0.507382 3.507391 0.731253
v -0.504411 3.492981 0.730100
v -0.499585 3.479677 0.729261
v -0.493091 3.467992 0.728770
v -0.485178 3.458373 0.728646
v -0.476150 3.451190 0.728893
v -0.466354 3.446721 0.729501
v -0.466553 3.596947 0.746012
v -0.476541 3.592586 0.745565
v -0.485746 3.585504 0.744839
v -0.493814 3.575973 0.743862
v -0.500436 3.564358 0.742671
v -0.505356 3.551107 0.741313
v -0.508385 3.536730 0.739839
v -0.509409 3.521778 0.738306
v -0.508385 3.506826 0.736773
v -0.505356 3.492448 0.735299
v -0.500436 3.479198 0.733940
v -0.493814 3.467584 0.732749
v -0.485746 3.458052 0.731772
v -0.476541 3.450970 0.731046
v -0.466553 3.446609 0.730599
v -0.466354 3.596835 0.747110
v -0.476150 3.592365 0.747719
v -0.485178 3.585183 0.747966
v -0.493091 3.575564 0.747841
v -0.499585 3.563879 0.747350
v -0.504411 3.550575 0.746512
v -0.507382 3.536164 0.745358
v -0.508385 3.521201 0.743933
v -0.507382 3.506260 0.742292
v -0.504411 3.491915 0.740498
v -0.499585 3.478718 0.738619
v -0.493091 3.467176 0.736729
v -0.485178 3.457732 0.734899
v -0.476150 3.450749 0.733200
v -0.466354 3.446496 0.731697
v -0.465763 3.596727 0.748166
v -0.474990 3.592154 0.749790
v -0.483494 3.584875 0.750972
v -0.490949 3.575172 0.751667
v -0.497066 3.563417 0.751849
v -0.501611 3.550063 0.751511
v -0.504411 3.535620 0.750665
v -0.505356 3.520646 0.749344
v -0.504411 3.505716 0.747599
v -0.501611 3.491403 0.745497
v -0.497066 3.478257 0.743118
v -0.490949 3.466784 0.740555
v -0.483494 3.457424 0.737905
v -0.474990 3.450537 0.735270
v -0.465763 3.446388 0.732753
v -0.464803 3.596627 0.749139
v -0.473107 3.591958 0.751698
v -0.480761 3.584591 0.753743
v -0.487470 3.574810 0.755194
v -0.492975 3.562992 0.755996
v -0.497066 3.549590 0.756118
v -0.499585 3.535119 0.755556
v -0.500436 3.520135 0.754331
v -0.499585 3.505214 0.752490
v -0.497066 3.490930 0.750104
v -0.492975 3.477832 0.747265
v -0.487470 3.466422 0.744081
v -0.480761 3.457139 0.740676
v -0.473107 3.450341 0.737179
v -0.464803 3.446288 0.733725
v -0.463511 3.596539 0.749992
v -0.470574 3.591786 0.753371
v -0.477082 3.584342 0.756171
v -0.482787 3.574494 0.758285
v -0.487470 3.562619 0.759630
v -0.490949 3.549176 0.760157
v -0.493091 3.534679 0.759843
v -0.493814 3.519687 0.758702
v -0.493091 3.504775 0.756777
v -0.490949 3.490516 0.754143
v -0.487470 3.477459 0.750899
v -0.482787 3.466105 0.747172
v -0.477082 3.456890 0.743104
v -0.470574 3.450170 0.738852
v -0.463511 3.446200 0.734578
v -0.461937 3.596467 0.750691
v -0.467486 3.591645 0.754744
v -0.472600 3.584137 0.758164
v -0.477082 3.574233 0.760821
v -0.480761 3.562313 0.762613
v -0.483495 3.548836 0.763471
v -0.485178 3.534318 0.763362
v -0.485746 3.519319 0.762290
v -0.485178 3.504414 0.760296
v -0.483495 3.490176 0.757457
v -0.480761 3.477153 0.753882
v -0.477082 3.465845 0.749709
v -0.472600 3.456686 0.745097
v -0.467486 3.450029 0.740224
v -0.461937 3.446129 0.735278
v -0.460141 3.596414 0.751211
v -0.463963 3.591540 0.755764
v -0.467486 3.583985 0.759645
v -0.470574 3.574040 0.762706
v -0.473107 3.562086 0.764829
v -0.474990 3.548584 0.765934
v -0.476150 3.534050 0.765976
v -0.476541 3.519045 0.764955
v -0.476150 3.504146 0.762910
v -0.474990 3.489924 0.759920
v -0.473107 3.476926 0.756099
v -0.470574 3.465652 0.751593
v -0.467486 3.456534 0.746578
v -0.463963 3.449924 0.741244
v -0.460141 3.446075 0.735798
v -0.458193 3.596381 0.751532
v -0.460141 3.591476 0.756392
v -0.461937 3.583892 0.760557
v -0.463511 3.573921 0.763867
v -0.464803 3.561947 0.766194
v -0.465763 3.548428 0.767450
v -0.466354 3.533885 0.767586
v -0.466553 3.518878 0.766597
v -0.466354 3.503981 0.764520
v -0.465763 3.489769 0.761436
v -0.464803 3.476786 0.757463
v -0.463511 3.465533 0.752754
v -0.461937 3.456440 0.747490
v -0.460141 3.449860 0.741873
v -0.458193 3.446043 0.736118
v -0.456166 3.596370 0.751640
v -0.456166 3.591454 0.756604
v -0.456166 3.583861 0.760865
v -0.456166 3.573881 0.764259
v -0.456166 3.561899 0.766655
v -0.456166 3.548376 0.767962
v -0.456166 3.533830 0.768130
v -0.456166 3.518821 0.767151
v -0.456166 3.503925 0.765064
v -0.456166 3.489716 0.761948
v -0.456166 3.476739 0.757924
v -0.456166 3.465492 0.753146
v -0.456166 3.456409 0.747798
v -0.456166 3.449838 0.742085
v -0.456166 3.446032 0.736226
v -0.454140 3.596381 0.751532
v -0.452192 3.591476 0.756392
v -0.450396 3.583892 0.760557
v -0.448822 3.573921 0.763867
v -0.447530 3.561947 0.766194
v -0.446570 3.548428 0.767450
v -0.445979 3.533885 0.767586
v -0.445779 3.518878 0.766597
v -0.445979 3.503981 0.764520
v -0.446570 3.489769 0.761436
v -0.447530 3.476786 0.757463
v -0.448822 3.465533 0.752754
v -0.450396 3.456440 0.747490
v -0.452192 3.449860 0.741873
v -0.454140 3.446043 0.736118
v -0.452192 3.596414 0.751211
v -0.448369 3.591540 0.755764
v -0.444847 3.583985 0.759645
v -0.441759 3.574040 0.762706
v -0.439225 3.562086 0.764829
v -0.437342 3.548584 0.765934
v -0.436183 3.534050 0.765976
v -0.435791 3.519045 0.764955
v -0.436183 3.504146 0.762910
v -0.437342 3.489924 0.759920
v -0.439225 3.476926 0.756099
v -0.441759 3.465652 0.751593
v -0.444847 3.456534 0.746578
v -0.448369 3.449924 0.741244
v -0.452192 3.446075 0.735798
v -0.450396 3.596467 0.750691
v -0.444847 3.591645 0.754744
v -0.439733 3.584137 0.758164
v -0.435250 3.574233 0.760821
v -0.431572 3.562313 0.762613
v -0.428838 3.548836 0.763471
v -0.427155 3.534318 0.763362
v -0.426587 3.519319 0.762290
v -0.427155 3.504414 0.760296
v -0.428838 3.490176 0.757457
v -0.431572 3.477153 0.753882
v -0.435250 3.465845 0.749709
v -0.439733 3.456686 0.745097
v -0.444847 3.450029 0.740224
v -0.450396 3.446129 0.735278
v -0.448822 3.596539 0.749992
v -0.441759 3.591786 0.753371
v -0.435250 3.584342 0.756171
v -0.429545 3.574494 0.758285
v -0.424863 3.562619 0.759630
v -0.421384 3.549176 0.760157
v -0.419242 3.534679 0.759843
v -0.418519 3.519687 0.758702
v -0.419242 3.504775 0.756777
v -0.421384 3.490516 0.754143
v -0.424863 3.477459 0.750899
v -0.429545 3.466105 0.747172
v -0.435250 3.456890 0.743104
v -0.441759 3.450170 0.738852
v -0.448822 3.446200 0.734578
v -0.456166 3.445136 0.730448
v -0.447530 3.596627 0.749139
v -0.439225 3.591958 0.751698
v -0.431572 3.584591 0.753743
v -0.424863 3.574810 0.755194
v -0.419358 3.562992 0.755996
v -0.415267 3.549590 0.756118
v -0.412748 3.535119 0.755556
v -0.411897 3.520135 0.754331
v -0.412748 3.505214 0.752490
v -0.415267 3.490930 0.750104
v -0.419358 3.477832 0.747265
v -0.424863 3.466422 0.744081
v -0.431572 3.457139 0.740676
v -0.439225 3.450341 0.737179
v -0.447530 3.446288 0.733725
v -0.446570 3.596727 0.748166
v -0.437342 3.592154 0.749790
v -0.428838 3.584875 0.750972
v -0.421384 3.575172 0.751667
v -0.415267 3.563417 0.751849
v -0.410721 3.550063 0.751511
v -0.407922 3.535620 0.750665
v -0.406977 3.520646 0.749344
v -0.407922 3.505716 0.747599
v -0.410721 3.491403 0.745497
v -0.415267 3.478257 0.743118
v -0.421384 3.466784 0.740555
v -0.428838 3.457424 0.737905
v -0.437342 3.450537 0.735270
v -0.446570 3.446388 0.732753
v -0.445979 3.596835 0.747110
v -0.436183 3.592365 0.747719
v -0.427155 3.585183 0.747966
v -0.419242 3.575564 0.747841
v -0.412748 3.563879 0.747350
v -0.407922 3.550575 0.746512
v -0.404951 3.536164 0.745358
v -0.403947 3.521201 0.743933
v -0.404951 3.506260 0.742292
v -0.407922 3.491915 0.740498
v -0.412748 3.478718 0.738619
v -0.419242 3.467176 0.736729
v -0.427155 3.457732 0.734899
v -0.436183 3.450749 0.733200
v -0.445979 3.446496 0.731697
v -0.445779 3.596947 0.746012
v -0.435791 3.592586 0.745565
v -0.426587 3.585504 0.744839
v -0.418519 3.575973 0.743862
v -0.411897 3.564358 0.742671
v -0.406977 3.551107 0.741313
v -0.403947 3.536730 0.739839
v -0.402924 3.521778 0.738306
v -0.403947 3.506826 0.736773
v -0.406977 3.492448 0.735299
v -0.411897 3.479198 0.733940
v -0.418519 3.467584 0.732749
v -0.426587 3.458052 0.731772
v -0.435791 3.450970 0.731046
v -0.445779 3.446609 0.730599
v -0.445979 3.597060 0.744914
v -0.436183 3.592807 0.743412
v -0.427155 3.585824 0.741713
v -0.419242 3.576381 0.739883
v -0.412748 3.564838 0.737992
v -0.407922 3.551641 0.736114
v -0.404951 3.537296 0.734319
v -0.403947 3.522355 0.732678
v -0.404951 3.507391 0.731253
v -0.407922 3.492981 0.730100
v -0.412748 3.479677 0.729261
v -0.419242 3.467992 0.728770
v -0.427155 3.458373 0.728646
v -0.436183 3.451190 0.728893
v -0.445979 3.446721 0.729501
v -0.446570 3.597168 0.743859
v -0.437342 3.593019 0.741341
v -0.428838 3.586133 0.738706
v -0.421384 3.576772 0.736056
v -0.415267 3.565299 0.733493
v -0.410721 3.552153 0.731114
v -0.407922 3.537840 0.729012
v -0.406977 3.522910 0.727267
v -0.407922 3.507936 0.725946
v -0.410721 3.493494 0.725100
v -0.415267 3.480139 0.724762
v -0.421384 3.468384 0.724944
v -0.428838 3.458681 0.725640
v -0.437342 3.451403 0.726822
v -0.446570 3.446829 0.728445
v -0.447530 3.597268 0.742886
v -0.439225 3.593215 0.739432
v -0.431572 3.586416 0.735936
v -0.424863 3.577134 0.732530
v -0.419358 3.565724 0.729346
v -0.415267 3.552626 0.726507
v -0.412748 3.538342 0.724121
v -0.411897 3.523421 0.722280
v -0.412748 3.508437 0.721055
v -0.415267 3.493966 0.720493
v -0.419358 3.480564 0.720615
v -0.424863 3.468746 0.721418
v -0.431572 3.458965 0.722869
v -0.439225 3.451598 0.724913
v -0.447530 3.446929 0.727472
v -0.448822 3.597355 0.742033
v -0.441759 3.593387 0.737760
v -0.435250 3.586666 0.733507
v -0.429545 3.577451 0.729439
v -0.424863 3.566097 0.725712
v -0.421384 3.553040 0.722469
v -0.419242 3.538781 0.719834
v -0.418519 3.523870 0.717909
v -0.419242 3.508877 0.716768
v -0.421384 3.494380 0.716455
v -0.424863 3.480937 0.716981
v -0.429545 3.469062 0.718327
v -0.435250 3.459214 0.720440
v -0.441759 3.451770 0.723241
v -0.448822 3.447016 0.726620
v -0.450396 3.597427 0.741333
v -0.444847 3.593527 0.736387
v -0.439733 3.586870 0.731514
v -0.435250 3.577711 0.726903
v -0.431572 3.566402 0.722729
v -0.428838 3.553380 0.719154
v -0.427155 3.539142 0.716316
v -0.426587 3.524237 0.714322
v -0.427155 3.509237 0.713250
v -0.428838 3.494720 0.713140
v -0.431572 3.481242 0.713998
v -0.435250 3.469323 0.715790
v -0.439733 3.459418 0.718447
v -0.444847 3.451911 0.721868
v -0.450396 3.447088 0.725920
v -0.452192 3.597480 0.740813
v -0.448369 3.593632 0.735367
v -0.444847 3.587021 0.730033
v -0.441759 3.577904 0.725018
v -0.439225 3.566630 0.720513
v -0.437342 3.553632 0.716692
v -0.436183 3.539410 0.713701
v -0.435792 3.524510 0.711656
v -0.436183 3.509505 0.710635
v -0.437342 3.494973 0.710678
v -0.439225 3.481470 0.711782
v -0.441759 3.469516 0.713905
v -0.444847 3.459570 0.716967
v -0.448369 3.452015 0.720848
v -0.452192 3.447142 0.725400
v -0.454140 3.597513 0.740493
v -0.452192 3.593697 0.734739
v -0.450396 3.587115 0.729121
v -0.448822 3.578023 0.723857
v -0.447530 3.566770 0.719148
v -0.446570 3.553787 0.715175
v -0.445979 3.539575 0.712091
v -0.445779 3.524678 0.710015
v -0.445979 3.509671 0.709025
v -0.446570 3.495128 0.709161
v -0.447530 3.481609 0.710417
v -0.448822 3.469635 0.712745
v -0.450396 3.459663 0.716055
v -0.452192 3.452080 0.720220
v -0.454140 3.447174 0.725080
v -0.456166 3.597524 0.740385
v -0.456166 3.593718 0.734527
v -0.456166 3.578063 0.723465
v -0.456166 3.553840 0.714663
v -0.456166 3.495180 0.708649
v -0.456166 3.469675 0.712353
v -0.456166 3.459695 0.715747
v -0.456166 3.452101 0.720007
v -0.456166 3.447186 0.724972
v 0.260911 3.647450 0.760993
v 0.260911 3.738068 0.770481
v 0.260911 3.657188 0.667985
v 0.260911 3.747806 0.677473
v 0.521975 3.647450 0.760993
v 0.521975 3.738068 0.770481
v 0.521975 3.657188 0.667985
v 0.521975 3.747806 0.677473
v -0.320231 3.647450 0.760993
v -0.320231 3.738068 0.770481
v -0.320231 3.657188 0.667985
v -0.320231 3.747806 0.677473
v -0.581294 3.647450 0.760993
v -0.581294 3.738068 0.770481
v -0.581294 3.657188 0.667985
v -0.581294 3.747806 0.677473
v -0.921353 4.598333 0.815672
v -0.740267 2.713871 -0.747004
v -0.873966 4.598752 -0.933450
v 0.862034 4.598333 0.815672
v 0.680948 2.713871 -0.747004
v 0.814647 4.598752 -0.933450
v -0.740267 2.713871 -0.747004
v -0.936346 4.025444 0.864759
v -1.031724 4.628505 0.391953
v -1.031879 4.628339 -0.036841
v -1.032322 4.627866 -0.464857
v -0.873948 3.992636 -0.994423
v -0.842147 3.600674 -0.961961
v -0.810771 3.210530 -0.929376
v 0.814629 3.992636 -0.994423
v 0.782828 3.600674 -0.961961
v 0.751452 3.210530 -0.929376
v 0.680948 2.713871 -0.747004
v 0.973003 4.627866 -0.464857
v 0.972560 4.628339 -0.036841
v 0.972405 4.628505 0.391953
v 0.877026 4.025444 0.864759
v 0.773100 3.218877 -0.512446
v 0.728112 3.295427 0.336275
v 0.803874 3.586850 -0.382989
v 0.796589 3.614973 0.326073
v 0.793790 3.898765 -0.296215
v 0.901735 3.996528 -0.032709
v 0.834201 3.901765 0.276621
v -0.787431 3.295427 0.336275
v -0.832419 3.218877 -0.512446
v -0.855908 3.614973 0.326073
v -0.863193 3.586850 -0.382989
v -0.949019 3.866628 0.269369
v -0.961054 3.996528 -0.032709
v -0.853110 3.898765 -0.296215
v 0.972886 4.627971 0.608183
v -1.032205 4.627971 0.608183
v 0.728112 3.295427 0.456162
v 0.810134 3.615139 0.493467
v 0.889866 3.914148 0.509631
v -0.787431 3.295427 0.456162
v -0.869453 3.615139 0.493467
v -0.893686 3.946417 0.502380
v -0.885992 4.491530 0.819937
v -0.740267 2.713871 -0.747004
v -0.885992 4.491530 -0.892728
v 0.826673 4.491530 0.819937
v 0.680948 2.713871 -0.747004
v 0.826673 4.491530 -0.892728
v -0.740267 2.713871 -0.747004
v -0.849561 4.047115 0.783506
v -0.885992 4.491530 0.391771
v -0.885992 4.491530 -0.036396
v -0.885992 4.491530 -0.464562
v -0.849561 4.047115 -0.856297
v -0.813130 3.602700 -0.819866
v -0.776699 3.158285 -0.783435
v 0.790242 4.047115 -0.856297
v 0.753811 3.602700 -0.819866
v 0.717380 3.158285 -0.783435
v 0.680948 2.713871 -0.747004
v 0.826673 4.491530 -0.464562
v 0.826673 4.491530 -0.036396
v 0.826673 4.491530 0.391771
v 0.790242 4.047115 0.783506
v 0.717380 3.176058 -0.533880
v 0.728112 3.295427 0.336275
v 0.753811 3.611587 -0.379255
v 0.753811 3.640532 0.308049
v 0.790242 3.913818 -0.277504
v 0.790242 4.009348 -0.031952
v 0.790242 3.880880 0.253588
v -0.787431 3.295427 0.336275
v -0.776699 3.176058 -0.533880
v -0.813130 3.640532 0.308049
v -0.813130 3.611587 -0.379255
v -0.849561 3.880880 0.253588
v -0.849561 4.009348 -0.031952
v -0.849561 3.913818 -0.277504
v 0.826673 4.491530 0.605854
v -0.885992 4.491530 0.605854
v 0.728112 3.295427 0.456162
v 0.753811 3.640532 0.503917
v 0.790242 3.937145 0.518547
v -0.787431 3.295427 0.456162
v -0.813130 3.640532 0.503917
v -0.849561 3.937145 0.518547
v -0.029660 2.713871 -0.747004
v -0.029660 4.727781 -1.012648
v -0.029660 4.727361 0.903241
v -0.029660 4.756894 -0.464857
v -0.029660 4.757367 -0.036841
v -0.029660 4.757534 0.391953
v -0.029660 2.713871 -0.747004
v -0.029660 4.025444 0.910047
v -0.029660 3.135147 -1.006369
v -0.029660 3.578591 -1.043406
v -0.029660 4.024101 -1.080304
v -0.029660 4.756999 0.608183
v -0.029660 2.713871 -0.747004
v -0.029660 4.491530 -0.892728
v -0.029660 4.491530 0.819937
v -0.029660 4.491530 -0.464562
v -0.029660 4.491530 -0.036396
v -0.029660 4.491530 0.391771
v -0.029660 2.713871 -0.747004
v -0.029660 4.047115 0.783506
v -0.029660 3.158285 -0.783435
v -0.029660 3.602700 -0.819866
v -0.029660 4.047115 -0.856297
v -0.029660 4.491530 0.605854
v -1.003737 4.311889 0.925273
v -0.880784 4.245426 -1.001076
v 0.821464 4.245426 -1.001076
v 0.944418 4.311889 0.925273
v 0.981307 4.262919 -0.371502
v 1.008165 4.312433 -0.034775
v 0.980150 4.219428 0.324829
v -1.039469 4.219428 0.324829
v -1.067484 4.312433 -0.034775
v -1.040627 4.262919 -0.371502
v -1.039810 4.272346 0.564739
v 0.980491 4.272346 0.564739
v -0.029660 4.311889 0.970839
v -0.029660 4.311427 -1.087864
v -1.018576 4.613309 -0.738753
v 0.680948 2.713871 -0.747004
v -0.740267 2.713871 -0.747004
v 0.959257 4.613309 -0.738753
v 0.815632 3.177012 -0.718020
v 0.877734 3.582721 -0.671809
v 0.927334 3.961433 -0.646871
v -0.874952 3.177012 -0.718020
v -0.937053 3.582721 -0.671809
v -0.986653 3.961433 -0.646871
v -0.029660 2.713871 -0.747004
v -0.029660 4.742337 -0.738753
v 0.959525 4.287173 -0.688295
v -1.018844 4.287173 -0.688295
v 0.457926 4.550076 -1.012648
v 0.471672 4.579190 -0.464857
v 0.471450 4.579663 -0.036841
v 0.471373 4.579829 0.391953
v 0.414253 3.135147 -0.989946
v 0.432084 3.578591 -1.026982
v 0.450156 4.024101 -1.063880
v 0.471613 4.579295 0.608183
v 0.398507 4.491530 -0.892728
v 0.398507 4.491530 -0.464562
v 0.398507 4.491530 -0.036396
v 0.398507 4.491530 0.391771
v 0.343860 3.158285 -0.783435
v 0.362076 3.602700 -0.819866
v 0.380291 4.047115 -0.856297
v 0.398507 4.491530 0.605854
v 0.325644 2.713871 -0.747004
v 0.457789 4.549658 0.888818
v 0.325644 2.713871 -0.747004
v 0.456969 4.271587 0.910047
v 0.325644 2.713871 -0.747004
v 0.398507 4.491530 0.819937
v 0.325644 2.713871 -0.747004
v 0.380291 4.293258 0.783506
v 0.457379 4.311889 0.925273
v 0.454041 4.311427 -1.071441
v 0.464799 4.564633 -0.738753
v 0.325644 2.713871 -0.747004
v -0.384964 2.713871 -0.747004
v -0.517108 4.675257 0.888818
v -0.384964 2.713871 -0.747004
v -0.516288 4.025444 0.910047
v -0.384964 2.713871 -0.747004
v -0.457826 4.491530 0.819937
v -0.384964 2.713871 -0.747004
v -0.439610 4.047115 0.783506
v -0.517245 4.675676 -1.012648
v -0.530991 4.704790 -0.464857
v -0.530769 4.705263 -0.036841
v -0.530692 4.705429 0.391953
v -0.473572 3.135147 -0.989946
v -0.491403 3.578591 -1.026982
v -0.509476 4.024101 -1.063880
v -0.530932 4.704895 0.608183
v -0.457826 4.491530 -0.892728
v -0.457826 4.491530 -0.464562
v -0.457826 4.491530 -0.036396
v -0.457826 4.491530 0.391771
v -0.403179 3.158285 -0.783435
v -0.421395 3.602700 -0.819866
v -0.439610 4.047115 -0.856297
v -0.457826 4.491530 0.605854
v -0.513360 4.311427 -1.071441
v -0.516698 4.311889 0.925273
v -0.384964 2.713871 -0.747004
v -0.524118 4.690233 -0.738753
vn -0.0000 -0.0817 -0.9967
vn 0.9967 -0.0817 -0.0000
vn -0.0000 -1.0000 -0.0000
vn -0.0000 1.0000 -0.0000
vn -0.0000 -0.0817 0.9967
vn -0.0381 -0.8626 -0.5044
vn 0.1415 0.3212 -0.9364
vn 0.1228 0.8689 0.4795
vn 0.7849 -0.0607 0.6167
vn 0.8905 -0.1470 0.4305
vn 0.8974 -0.0368 0.4398
vn 0.8210 -0.0126 0.5708
vn 0.8124 -0.1520 0.5629
vn 0.0829 -0.3336 -0.9391
vn 0.5555 0.0660 0.8289
vn 0.0971 0.9175 -0.3857
vn -0.0702 -0.9886 0.1335
vn -0.9967 -0.0817 -0.0000
vn 0.0381 -0.8626 -0.5044
vn -0.1415 0.3212 -0.9364
vn -0.1228 0.8689 0.4795
vn -0.7849 -0.0607 0.6167
vn -0.8905 -0.1470 0.4305
vn -0.8974 -0.0368 0.4398
vn -0.8210 -0.0126 0.5708
vn -0.8124 -0.1520 0.5629
vn -0.0829 -0.3336 -0.9391
vn -0.5555 0.0660 0.8289
vn -0.0971 0.9175 -0.3857
vn 0.0702 -0.9886 0.1335
vn -1.0000 -0.0000 -0.0000
vn -0.0000 -0.0000 -1.0000
vn 1.0000 -0.0000 -0.0000
vn -0.0000 -0.0000 1.0000
vn 0.0131 0.9881 -0.1532
vn 0.0133 -0.9365 -0.3505
vn 0.0535 0.0650 -0.9965
vn 0.0335 0.8381 -0.5445
vn 0.0532 -0.0115 -0.9985
vn 0.0438 0.6555 -0.7540
vn 0.0525 -0.0961 -0.9940
vn 0.0487 0.5068 -0.8607
vn 0.0512 -0.1959 -0.9793
vn 0.0512 0.3905 -0.9192
vn 0.0487 -0.3216 -0.9456
vn 0.0525 0.2958 -0.9538
vn 0.0438 -0.4889 -0.8713
vn 0.0532 0.2139 -0.9754
vn 0.0336 -0.7101 -0.7033
vn 0.0535 0.1386 -0.9889
vn 0.1619 0.2157 -0.9630
vn 0.1007 -0.7201 -0.6865
vn 0.1629 0.1384 -0.9769
vn 0.0406 0.9888 -0.1437
vn 0.0405 -0.9391 -0.3413
vn 0.1629 0.0627 -0.9846
vn 0.1007 0.8445 -0.5260
vn 0.1619 -0.0158 -0.9867
vn 0.1322 0.6641 -0.7359
vn 0.1596 -0.1026 -0.9818
vn 0.1475 0.5146 -0.8446
vn 0.1554 -0.2046 -0.9664
vn 0.1554 0.3965 -0.9048
vn 0.1475 -0.3325 -0.9315
vn 0.1596 0.2996 -0.9406
vn 0.1321 -0.5010 -0.8553
vn 0.2731 -0.1162 -0.9549
vn 0.2503 0.5304 -0.8100
vn 0.2650 -0.2228 -0.9381
vn 0.2651 0.4086 -0.8734
vn 0.2503 -0.3550 -0.9008
vn 0.2731 0.3075 -0.9115
vn 0.2222 -0.5255 -0.8213
vn 0.2774 0.2193 -0.9354
vn 0.1668 -0.7397 -0.6519
vn 0.2793 0.1377 -0.9503
vn 0.0656 0.9900 -0.1251
vn 0.0655 -0.9440 -0.3235
vn 0.2793 0.0579 -0.9585
vn 0.1669 0.8567 -0.4882
vn 0.2774 -0.0249 -0.9604
vn 0.2223 0.6812 -0.6975
vn 0.2307 -0.7677 -0.5978
vn 0.4077 0.1363 -0.9029
vn 0.0887 0.9912 -0.0981
vn 0.0887 -0.9507 -0.2971
vn 0.4077 0.0497 -0.9118
vn 0.2307 0.8731 -0.4296
vn 0.4044 -0.0400 -0.9137
vn 0.3143 0.7060 -0.6347
vn 0.3971 -0.1383 -0.9073
vn 0.3592 0.5540 -0.7511
vn 0.3835 -0.2519 -0.8885
vn 0.3835 0.4270 -0.8189
vn 0.3592 -0.3900 -0.8479
vn 0.3971 0.3195 -0.8604
vn 0.3143 -0.5625 -0.7647
vn 0.4044 0.2246 -0.8866
vn 0.5128 -0.2936 -0.8068
vn 0.5127 0.4512 -0.7304
vn 0.4743 -0.4386 -0.7633
vn 0.5348 0.3352 -0.7757
vn 0.4069 -0.6112 -0.6789
vn 0.5469 0.2309 -0.8047
vn 0.2903 -0.8022 -0.5218
vn 0.5523 0.1330 -0.8230
vn 0.1086 0.9921 -0.0628
vn 0.1085 -0.9588 -0.2627
vn 0.5523 0.0367 -0.8328
vn 0.2901 0.8914 -0.3483
vn 0.5469 -0.0628 -0.8348
vn 0.4069 0.7362 -0.5408
vn 0.5348 -0.1708 -0.8276
vn 0.4743 0.5844 -0.6585
vn 0.1242 0.9920 -0.0209
vn 0.1243 -0.9671 -0.2221
vn 0.7126 0.0169 -0.7013
vn 0.3416 0.9077 -0.2438
vn 0.7037 -0.0952 -0.7041
vn 0.4944 0.7670 -0.4091
vn 0.6841 -0.2152 -0.6970
vn 0.5907 0.6175 -0.5194
vn 0.6492 -0.3483 -0.6762
vn 0.6492 0.4783 -0.5914
vn 0.5907 -0.4992 -0.6339
vn 0.6841 0.3521 -0.6388
vn 0.4943 -0.6680 -0.5563
vn 0.7037 0.2360 -0.6701
vn 0.3415 -0.8392 -0.4231
vn 0.7126 0.1258 -0.6902
vn 0.7766 0.4998 -0.3836
vn 0.6939 -0.5650 -0.4464
vn 0.8282 0.3635 -0.4265
vn 0.5663 -0.7253 -0.3915
vn 0.8582 0.2349 -0.4564
vn 0.3801 -0.8742 -0.3023
vn 0.8720 0.1109 -0.4768
vn 0.1354 0.9905 0.0256
vn 0.1354 -0.9751 -0.1755
vn 0.8720 -0.0119 -0.4894
vn 0.3800 0.9173 -0.1189
vn 0.8582 -0.1374 -0.4946
vn 0.5663 0.7896 -0.2362
vn 0.8282 -0.2694 -0.4914
vn 0.6938 0.6439 -0.3225
vn 0.7766 -0.4115 -0.4770
vn 0.9818 -0.0484 -0.1835
vn 0.4009 0.9159 0.0212
vn 0.9637 -0.1832 -0.1940
vn 0.6081 0.7933 -0.0292
vn 0.9248 -0.3228 -0.2012
vn 0.7577 0.6487 -0.0712
vn 0.8593 -0.4690 -0.2043
vn 0.8593 0.5006 -0.1049
vn 0.7577 -0.6207 -0.2014
vn 0.9248 0.3569 -0.1315
vn 0.6081 -0.7709 -0.1896
vn 0.9637 0.2188 -0.1528
vn 0.4009 -0.9011 -0.1652
vn 0.9818 0.0846 -0.1698
vn 0.1411 0.9871 0.0760
vn 0.1411 -0.9819 -0.1262
vn 0.7577 -0.6487 0.0713
vn 0.9248 0.3228 0.2012
vn 0.6081 -0.7933 0.0292
vn 0.9637 0.1832 0.1940
vn 0.4009 -0.9159 -0.0212
vn 0.9818 0.0484 0.1835
vn 0.1410 0.9820 0.1260
vn 0.1411 -0.9871 -0.0760
vn 0.9818 -0.0846 0.1698
vn 0.4009 0.9011 0.1652
vn 0.9637 -0.2188 0.1528
vn 0.6081 0.7709 0.1897
vn 0.9248 -0.3569 0.1315
vn 0.7577 0.6207 0.2015
vn 0.8593 -0.5007 0.1049
vn 0.8593 0.4689 0.2043
vn 0.3801 0.8742 0.3023
vn 0.8582 -0.2349 0.4564
vn 0.5664 0.7253 0.3913
vn 0.8282 -0.3635 0.4265
vn 0.6939 0.5651 0.4464
vn 0.7766 -0.4998 0.3836
vn 0.7766 0.4115 0.4770
vn 0.6939 -0.6439 0.3225
vn 0.8282 0.2695 0.4914
vn 0.5663 -0.7896 0.2362
vn 0.8582 0.1374 0.4946
vn 0.3800 -0.9173 0.1190
vn 0.8720 0.0119 0.4894
vn 0.1354 0.9751 0.1757
vn 0.1353 -0.9905 -0.0252
vn 0.8720 -0.1109 0.4768
vn 0.6841 0.2152 0.6970
vn 0.4944 -0.7670 0.4090
vn 0.7037 0.0952 0.7041
vn 0.3416 -0.9077 0.2437
vn 0.7126 -0.0169 0.7013
vn 0.1243 0.9671 0.2221
vn 0.1245 -0.9920 0.0206
vn 0.7126 -0.1258 0.6902
vn 0.3415 0.8392 0.4231
vn 0.7037 -0.2360 0.6701
vn 0.4944 0.6680 0.5562
vn 0.6841 -0.3521 0.6388
vn 0.5907 0.4992 0.6340
vn 0.6492 -0.4783 0.5915
vn 0.6492 0.3483 0.6762
vn 0.5907 -0.6175 0.5194
vn 0.5469 -0.2309 0.8047
vn 0.4068 0.6111 0.6790
vn 0.5348 -0.3352 0.7757
vn 0.4743 0.4386 0.7634
vn 0.5127 -0.4512 0.7304
vn 0.5127 0.2936 0.8068
vn 0.4743 -0.5843 0.6585
vn 0.5348 0.1708 0.8276
vn 0.4068 -0.7362 0.5409
vn 0.5469 0.0628 0.8349
vn 0.2902 -0.8913 0.3483
vn 0.5523 -0.0367 0.8328
vn 0.1087 0.9588 0.2625
vn 0.1084 -0.9921 0.0629
vn 0.5523 -0.1330 0.8230
vn 0.2902 0.8022 0.5218
vn 0.3144 -0.7060 0.6346
vn 0.4044 0.0400 0.9137
vn 0.2307 -0.8731 0.4296
vn 0.4077 -0.0497 0.9118
vn 0.0884 0.9507 0.2972
vn 0.0886 -0.9912 0.0980
vn 0.4077 -0.1363 0.9029
vn 0.2307 0.7677 0.5979
vn 0.4044 -0.2246 0.8866
vn 0.3143 0.5625 0.7647
vn 0.3971 -0.3195 0.8604
vn 0.3592 0.3900 0.8479
vn 0.3835 -0.4270 0.8189
vn 0.3835 0.2519 0.8885
vn 0.3592 -0.5540 0.7511
vn 0.3971 0.1383 0.9073
vn 0.2731 -0.3075 0.9115
vn 0.2503 0.3550 0.9007
vn 0.2651 -0.4086 0.8734
vn 0.2651 0.2228 0.9381
vn 0.2503 -0.5303 0.8100
vn 0.2731 0.1162 0.9549
vn 0.2222 -0.6812 0.6975
vn 0.2774 0.0249 0.9604
vn 0.1669 -0.8566 0.4882
vn 0.2793 -0.0579 0.9585
vn 0.0657 0.9440 0.3235
vn 0.0657 -0.9900 0.1251
vn 0.2793 -0.1378 0.9503
vn 0.1668 0.7397 0.6519
vn 0.2774 -0.2193 0.9354
vn 0.2222 0.5255 0.8212
vn 0.1007 -0.8445 0.5261
vn 0.1629 -0.0627 0.9846
vn 0.0406 0.9391 0.3413
vn 0.0403 -0.9888 0.1438
vn 0.1629 -0.1384 0.9769
vn 0.1008 0.7202 0.6865
vn 0.1619 -0.2157 0.9629
vn 0.1322 0.5010 0.8553
vn 0.1596 -0.2996 0.9406
vn 0.1475 0.3325 0.9315
vn 0.1554 -0.3965 0.9048
vn 0.1554 0.2046 0.9664
vn 0.1475 -0.5146 0.8446
vn 0.1596 0.1025 0.9818
vn 0.1321 -0.6641 0.7359
vn 0.1619 0.0158 0.9867
vn 0.0487 0.3216 0.9456
vn 0.0512 -0.3905 0.9192
vn 0.0512 0.1959 0.9793
vn 0.0487 -0.5068 0.8607
vn 0.0525 0.0961 0.9940
vn 0.0438 -0.6555 0.7539
vn 0.0532 0.0115 0.9985
vn 0.0336 -0.8381 0.5445
vn 0.0535 -0.0650 0.9964
vn 0.0134 0.9365 0.3505
vn 0.0135 -0.9881 0.1532
vn 0.0535 -0.1386 0.9889
vn 0.0335 0.7101 0.7033
vn 0.0532 -0.2139 0.9754
vn 0.0438 0.4889 0.8713
vn 0.0525 -0.2958 0.9538
vn -0.0535 -0.0650 0.9964
vn -0.0134 0.9365 0.3505
vn -0.0135 -0.9881 0.1532
vn -0.0535 -0.1386 0.9889
vn -0.0335 0.7101 0.7033
vn -0.0532 -0.2139 0.9754
vn -0.0438 0.4889 0.8713
vn -0.0525 -0.2958 0.9538
vn -0.0487 0.3216 0.9456
vn -0.0512 -0.3905 0.9192
vn -0.0512 0.1959 0.9793
vn -0.0487 -0.5068 0.8607
vn -0.0525 0.0961 0.9940
vn -0.0438 -0.6555 0.7539
vn -0.0532 0.0115 0.9985
vn -0.0336 -0.8381 0.5445
vn -0.1554 -0.3965 0.9048
vn -0.1554 0.2046 0.9664
vn -0.1475 -0.5146 0.8447
vn -0.1596 0.1025 0.9818
vn -0.1321 -0.6641 0.7359
vn -0.1619 0.0158 0.9867
vn -0.1007 -0.8445 0.5261
vn -0.1629 -0.0627 0.9846
vn -0.0406 0.9391 0.3413
vn -0.0403 -0.9888 0.1438
vn -0.1629 -0.1384 0.9769
vn -0.1008 0.7202 0.6865
vn -0.1619 -0.2157 0.9629
vn -0.1322 0.5010 0.8553
vn -0.1596 -0.2996 0.9406
vn -0.1475 0.3325 0.9315
vn -0.0657 0.9440 0.3235
vn -0.0657 -0.9900 0.1251
vn -0.2793 -0.1378 0.9503
vn -0.1668 0.7397 0.6519
vn -0.2774 -0.2193 0.9354
vn -0.2222 0.5255 0.8212
vn -0.2731 -0.3075 0.9115
vn -0.2503 0.3550 0.9007
vn -0.2651 -0.4086 0.8734
vn -0.2651 0.2228 0.9381
vn -0.2503 -0.5303 0.8100
vn -0.2731 0.1162 0.9549
vn -0.2222 -0.6812 0.6975
vn -0.2774 0.0249 0.9604
vn -0.1668 -0.8566 0.4882
vn -0.2793 -0.0579 0.9585
vn -0.3835 0.2519 0.8885
vn -0.3592 -0.5540 0.7511
vn -0.3971 0.1383 0.9073
vn -0.3144 -0.7060 0.6346
vn -0.4044 0.0400 0.9137
vn -0.2307 -0.8731 0.4296
vn -0.4077 -0.0497 0.9118
vn -0.0884 0.9507 0.2972
vn -0.0886 -0.9912 0.0980
vn -0.4077 -0.1363 0.9029
vn -0.2307 0.7677 0.5979
vn -0.4044 -0.2246 0.8866
vn -0.3143 0.5625 0.7647
vn -0.3971 -0.3195 0.8604
vn -0.3592 0.3900 0.8479
vn -0.3835 -0.4270 0.8189
vn -0.5523 -0.1330 0.8230
vn -0.2902 0.8022 0.5218
vn -0.5469 -0.2309 0.8047
vn -0.4068 0.6111 0.6790
vn -0.5348 -0.3352 0.7757
vn -0.4743 0.4386 0.7634
vn -0.5127 -0.4512 0.7304
vn -0.5127 0.2936 0.8068
vn -0.4743 -0.5844 0.6585
vn -0.5348 0.1708 0.8276
vn -0.4068 -0.7362 0.5409
vn -0.5469 0.0628 0.8349
vn -0.2902 -0.8913 0.3483
vn -0.5523 -0.0367 0.8328
vn -0.1087 0.9588 0.2625
vn -0.1084 -0.9921 0.0629
vn -0.5907 -0.6175 0.5194
vn -0.6841 0.2152 0.6970
vn -0.4944 -0.7670 0.4090
vn -0.7037 0.0952 0.7041
vn -0.3417 -0.9077 0.2437
vn -0.7126 -0.0169 0.7013
vn -0.1243 0.9671 0.2221
vn -0.1245 -0.9920 0.0206
vn -0.7126 -0.1258 0.6902
vn -0.3415 0.8393 0.4231
vn -0.7037 -0.2360 0.6701
vn -0.4944 0.6680 0.5562
vn -0.6841 -0.3521 0.6388
vn -0.5907 0.4992 0.6340
vn -0.6492 -0.4783 0.5915
vn -0.6492 0.3483 0.6762
vn -0.8582 -0.2349 0.4564
vn -0.5664 0.7253 0.3913
vn -0.8282 -0.3635 0.4265
vn -0.6939 0.5651 0.4464
vn -0.7766 -0.4998 0.3836
vn -0.7766 0.4115 0.4770
vn -0.6939 -0.6439 0.3225
vn -0.8282 0.2695 0.4914
vn -0.5663 -0.7896 0.2362
vn -0.8582 0.1374 0.4946
vn -0.3800 -0.9173 0.1190
vn -0.8720 0.0119 0.4894
vn -0.1354 0.9751 0.1757
vn -0.1353 -0.9905 -0.0252
vn -0.8720 -0.1109 0.4768
vn -0.3801 0.8742 0.3023
vn -0.6081 -0.7933 0.0292
vn -0.9637 0.1832 0.1940
vn -0.4009 -0.9159 -0.0212
vn -0.9818 0.0484 0.1835
vn -0.1410 0.9820 0.1260
vn -0.1411 -0.9871 -0.0760
vn -0.9818 -0.0846 0.1698
vn -0.4009 0.9011 0.1652
vn -0.9637 -0.2188 0.1528
vn -0.6081 0.7709 0.1897
vn -0.9248 -0.3569 0.1315
vn -0.7577 0.6207 0.2014
vn -0.8593 -0.5007 0.1049
vn -0.8593 0.4689 0.2043
vn -0.7577 -0.6487 0.0713
vn -0.9248 0.3228 0.2012
vn -0.6081 0.7933 -0.0292
vn -0.9248 -0.3228 -0.2012
vn -0.7577 0.6487 -0.0712
vn -0.8593 -0.4690 -0.2043
vn -0.8593 0.5006 -0.1049
vn -0.7577 -0.6207 -0.2014
vn -0.9248 0.3569 -0.1315
vn -0.6081 -0.7709 -0.1896
vn -0.9637 0.2188 -0.1528
vn -0.4009 -0.9011 -0.1652
vn -0.9818 0.0846 -0.1698
vn -0.1412 0.9871 0.0760
vn -0.1411 -0.9819 -0.1262
vn -0.9818 -0.0484 -0.1835
vn -0.4009 0.9159 0.0212
vn -0.9637 -0.1832 -0.1940
vn -0.8582 0.2349 -0.4564
vn -0.3801 -0.8742 -0.3023
vn -0.8720 0.1109 -0.4768
vn -0.1354 0.9905 0.0256
vn -0.1354 -0.9751 -0.1755
vn -0.8720 -0.0119 -0.4894
vn -0.3800 0.9173 -0.1189
vn -0.8582 -0.1374 -0.4946
vn -0.5663 0.7896 -0.2362
vn -0.8282 -0.2694 -0.4914
vn -0.6938 0.6439 -0.3225
vn -0.7766 -0.4115 -0.4770
vn -0.7766 0.4998 -0.3836
vn -0.6938 -0.5650 -0.4465
vn -0.8282 0.3635 -0.4265
vn -0.5663 -0.7253 -0.3915
vn -0.6841 -0.2152 -0.6970
vn -0.5907 0.6175 -0.5195
vn -0.6492 -0.3483 -0.6762
vn -0.6492 0.4783 -0.5914
vn -0.5907 -0.4992 -0.6340
vn -0.6841 0.3521 -0.6388
vn -0.4944 -0.6680 -0.5563
vn -0.7037 0.2360 -0.6701
vn -0.3415 -0.8392 -0.4232
vn -0.7126 0.1258 -0.6902
vn -0.1243 0.9920 -0.0209
vn -0.1243 -0.9671 -0.2221
vn -0.7126 0.0169 -0.7013
vn -0.3416 0.9077 -0.2438
vn -0.7037 -0.0952 -0.7041
vn -0.4944 0.7670 -0.4091
vn -0.2902 -0.8022 -0.5218
vn -0.5523 0.1330 -0.8230
vn -0.1085 0.9921 -0.0628
vn -0.1085 -0.9588 -0.2627
vn -0.5523 0.0367 -0.8328
vn -0.2901 0.8914 -0.3483
vn -0.5469 -0.0628 -0.8349
vn -0.4069 0.7362 -0.5408
vn -0.5348 -0.1708 -0.8276
vn -0.4743 0.5844 -0.6585
vn -0.5127 -0.2936 -0.8068
vn -0.5127 0.4512 -0.7304
vn -0.4743 -0.4386 -0.7633
vn -0.5348 0.3352 -0.7757
vn -0.4069 -0.6112 -0.6789
vn -0.5469 0.2309 -0.8048
vn -0.3592 0.5540 -0.7511
vn -0.3836 -0.2519 -0.8885
vn -0.3835 0.4270 -0.8189
vn -0.3592 -0.3900 -0.8479
vn -0.3971 0.3195 -0.8604
vn -0.3143 -0.5625 -0.7647
vn -0.4044 0.2246 -0.8866
vn -0.2307 -0.7677 -0.5978
vn -0.4077 0.1363 -0.9029
vn -0.0887 0.9912 -0.0981
vn -0.0887 -0.9507 -0.2971
vn -0.4077 0.0497 -0.9118
vn -0.2307 0.8731 -0.4296
vn -0.4044 -0.0400 -0.9137
vn -0.3143 0.7060 -0.6347
vn -0.3971 -0.1383 -0.9073
vn -0.2793 0.1378 -0.9503
vn -0.0657 0.9900 -0.1251
vn -0.0655 -0.9440 -0.3235
vn -0.2793 0.0579 -0.9585
vn -0.1669 0.8567 -0.4882
vn -0.2774 -0.0249 -0.9604
vn -0.2223 0.6812 -0.6975
vn -0.2731 -0.1162 -0.9550
vn -0.2503 0.5304 -0.8100
vn -0.2650 -0.2228 -0.9381
vn -0.2651 0.4086 -0.8734
vn -0.2503 -0.3549 -0.9008
vn -0.2731 0.3075 -0.9115
vn -0.2222 -0.5255 -0.8213
vn -0.2774 0.2193 -0.9354
vn -0.1668 -0.7397 -0.6519
vn -0.1554 -0.2046 -0.9664
vn -0.1554 0.3965 -0.9048
vn -0.1475 -0.3325 -0.9315
vn -0.1596 0.2996 -0.9406
vn -0.1322 -0.5010 -0.8553
vn -0.1619 0.2157 -0.9629
vn -0.1008 -0.7201 -0.6865
vn -0.1629 0.1384 -0.9769
vn -0.0406 0.9888 -0.1437
vn -0.0405 -0.9391 -0.3413
vn -0.1629 0.0628 -0.9846
vn -0.1007 0.8445 -0.5260
vn -0.1619 -0.0158 -0.9867
vn -0.1322 0.6641 -0.7359
vn -0.1596 -0.1025 -0.9818
vn -0.1475 0.5146 -0.8446
vn -0.0133 -0.9365 -0.3505
vn -0.0535 0.0650 -0.9965
vn -0.0335 0.8381 -0.5445
vn -0.0532 -0.0115 -0.9985
vn -0.0438 0.6555 -0.7540
vn -0.0525 -0.0961 -0.9940
vn -0.0487 0.5068 -0.8607
vn -0.0512 -0.1959 -0.9793
vn -0.0512 0.3905 -0.9192
vn -0.0487 -0.3216 -0.9456
vn -0.0525 0.2958 -0.9538
vn -0.0438 -0.4889 -0.8713
vn -0.0532 0.2139 -0.9754
vn -0.0336 -0.7101 -0.7033
vn -0.0535 0.1386 -0.9889
vn -0.0131 0.9881 -0.1532
vn -0.0133 0.9881 -0.1532
vn -0.0135 -0.9364 -0.3505
vn -0.0437 0.6555 -0.7540
vn -0.0337 -0.7101 -0.7033
vn -0.1007 -0.7201 -0.6865
vn -0.0404 0.9888 -0.1437
vn -0.1629 0.0627 -0.9846
vn -0.1008 0.8445 -0.5260
vn -0.1596 -0.1026 -0.9818
vn -0.1321 -0.5010 -0.8553
vn -0.2731 -0.1162 -0.9549
vn -0.2503 0.5303 -0.8100
vn -0.2503 -0.3550 -0.9008
vn -0.1668 0.8567 -0.4882
vn -0.2222 0.6812 -0.6975
vn -0.0888 0.9912 -0.0981
vn -0.2307 0.8730 -0.4296
vn -0.3836 -0.2520 -0.8885
vn -0.4743 -0.4386 -0.7634
vn -0.4069 -0.6111 -0.6789
vn -0.2902 -0.8021 -0.5219
vn -0.5469 -0.0628 -0.8348
vn -0.1242 0.9920 -0.0209
vn -0.5906 -0.4992 -0.6340
vn -0.3415 -0.8393 -0.4230
vn -0.6939 -0.5650 -0.4464
vn -0.8282 0.3636 -0.4265
vn -0.8593 -0.4689 -0.2043
vn -0.6081 -0.7709 -0.1895
vn -0.1411 0.9871 0.0760
vn -0.1411 0.9819 0.1260
vn -0.9637 -0.2187 0.1528
vn -0.9248 -0.3569 0.1316
vn -0.3801 0.8742 0.3022
vn -0.8282 -0.3636 0.4265
vn -0.3800 -0.9173 0.1189
vn -0.1353 -0.9905 -0.0253
vn -0.4944 -0.7670 0.4091
vn -0.3416 -0.9077 0.2437
vn -0.1242 0.9671 0.2221
vn -0.3415 0.8392 0.4231
vn -0.7037 -0.2361 0.6701
vn -0.4069 -0.7362 0.5408
vn -0.5469 0.0628 0.8348
vn -0.2901 -0.8913 0.3484
vn -0.1088 0.9588 0.2626
vn -0.1085 -0.9921 0.0629
vn -0.3143 -0.7060 0.6346
vn -0.0883 0.9507 0.2972
vn -0.0887 -0.9912 0.0980
vn -0.2307 0.7677 0.5978
vn -0.3592 -0.5539 0.7511
vn -0.1669 -0.8566 0.4882
vn -0.0656 0.9440 0.3235
vn -0.0656 -0.9900 0.1251
vn -0.2222 0.5255 0.8213
vn -0.1629 -0.0627 0.9847
vn -0.0402 0.9390 0.3415
vn -0.0404 -0.9888 0.1438
vn -0.1007 0.7202 0.6864
vn -0.1619 -0.2157 0.9630
vn -0.1596 0.1026 0.9818
vn -0.1321 -0.6642 0.7358
vn -0.0138 0.9364 0.3505
vn -0.0134 -0.9881 0.1532
vn -0.0336 0.7101 0.7033
vn 0.0138 0.9364 0.3505
vn 0.0134 -0.9881 0.1532
vn 0.0336 0.7101 0.7033
vn 0.1475 -0.5146 0.8447
vn 0.1596 0.1026 0.9818
vn 0.1322 -0.6641 0.7358
vn 0.1629 -0.0627 0.9847
vn 0.0402 0.9390 0.3414
vn 0.0404 -0.9888 0.1438
vn 0.1007 0.7202 0.6865
vn 0.1619 -0.2157 0.9630
vn 0.0656 0.9440 0.3234
vn 0.0656 -0.9900 0.1251
vn 0.3592 -0.5539 0.7511
vn 0.3143 -0.7060 0.6347
vn 0.0883 0.9507 0.2972
vn 0.4069 -0.7362 0.5408
vn 0.5469 0.0628 0.8348
vn 0.2901 -0.8913 0.3483
vn 0.1088 0.9588 0.2625
vn 0.1085 -0.9921 0.0629
vn 0.3417 -0.9077 0.2437
vn 0.6492 -0.4783 0.5914
vn 0.6939 0.5650 0.4464
vn 0.1411 0.9819 0.1260
vn 0.7577 0.6207 0.2014
vn 0.6081 -0.7709 -0.1895
vn 0.7766 0.4997 -0.3836
vn 0.8282 0.3636 -0.4265
vn 0.5907 0.6175 -0.5195
vn 0.5906 -0.4992 -0.6340
vn 0.4944 -0.6680 -0.5562
vn 0.3416 -0.8393 -0.4230
vn 0.2902 -0.8022 -0.5219
vn 0.1085 0.9921 -0.0628
vn 0.5469 -0.0628 -0.8349
vn 0.5127 -0.2936 -0.8068
vn 0.4743 -0.4386 -0.7634
vn 0.4069 -0.6111 -0.6789
vn 0.5469 0.2309 -0.8048
vn 0.3836 -0.2519 -0.8885
vn 0.0888 0.9912 -0.0981
vn 0.2793 0.1378 -0.9503
vn 0.0657 0.9900 -0.1251
vn 0.2222 0.6812 -0.6975
vn 0.2651 -0.2228 -0.9381
vn 0.2222 -0.5255 -0.8212
vn 0.1008 -0.7201 -0.6865
vn 0.0404 0.9888 -0.1437
vn 0.1008 0.8445 -0.5260
vn 0.0135 -0.9364 -0.3505
vn 0.0437 0.6555 -0.7540
vn 0.0337 -0.7101 -0.7033
vn 0.0133 0.9881 -0.1532
vn -0.0000 0.1041 -0.9946
vn -0.0000 -0.1041 0.9946
vn -0.0000 -0.9946 -0.1041
vn -0.0000 0.9946 0.1041
vn -0.8724 0.0214 -0.4883
vn 0.2027 0.2055 -0.9574
vn 0.9565 0.1593 0.2446
vn -0.0993 0.2301 0.9681
vn -0.1781 0.9704 0.1633
vn -0.1524 0.9866 -0.0582
vn -0.1517 0.9884 -0.0010
vn -0.1517 0.9884 -0.0003
vn 0.9256 -0.2848 0.2495
vn 0.9557 -0.1694 0.2408
vn 0.9489 -0.1026 0.2984
vn 0.9982 -0.0001 -0.0600
vn 0.9975 0.0590 -0.0383
vn 0.9975 0.0559 0.0422
vn 0.1253 -0.4349 -0.8917
vn 0.1915 -0.0929 -0.9771
vn 0.1828 -0.0920 -0.9788
vn -0.9158 -0.2465 -0.3172
vn -0.9447 -0.1056 -0.3105
vn -0.9435 -0.1027 -0.3151
vn -0.9728 -0.2271 -0.0457
vn -0.9730 -0.1845 0.1384
vn -0.9998 0.0207 -0.0042
vn -0.9975 0.0559 0.0422
vn -0.9975 0.0590 -0.0383
vn -0.9565 0.1593 0.2446
vn 0.9660 -0.2026 -0.1606
vn 0.9728 -0.2271 -0.0457
vn -0.1517 0.9884 0.0022
vn 0.9998 0.0207 -0.0042
vn 0.9973 0.0732 0.0097
vn -0.0000 0.0817 0.9967
vn -0.9970 0.0749 -0.0172
vn -0.0000 0.0817 -0.9967
vn -0.9967 0.0812 -0.0058
vn -0.9965 0.0829 -0.0032
vn -0.9953 0.0961 0.0117
vn -0.9973 0.0732 0.0097
vn -0.9977 0.0669 -0.0095
vn -0.9978 0.0651 0.0117
vn 0.9967 0.0812 -0.0058
vn 0.9965 0.0829 -0.0032
vn 0.9953 0.0961 0.0117
vn 0.9972 0.0743 -0.0000
vn 0.9909 0.1333 -0.0163
vn 0.9979 0.0639 -0.0075
vn 0.9978 0.0651 0.0117
vn 0.9977 0.0669 -0.0095
vn 0.9970 0.0749 -0.0172
vn -0.9909 0.1333 -0.0163
vn -0.9972 0.0743 -0.0000
vn -0.9979 0.0639 -0.0075
vn 0.0107 -0.9805 -0.1961
vn -0.3338 -0.8900 0.3107
vn -0.1567 -0.9118 0.3795
vn 0.0972 -0.9354 -0.3400
vn -0.0293 -0.4167 0.9086
vn -0.1020 -0.3240 0.9405
vn 0.3341 -0.1015 -0.9370
vn 0.1737 -0.2958 0.9393
vn 0.4060 -0.2313 -0.8841
vn 0.0883 -0.9112 -0.4024
vn 0.1567 -0.9118 0.3795
vn 0.0293 -0.4167 0.9086
vn -0.3341 -0.1015 -0.9370
vn 0.1020 -0.3240 0.9405
vn -0.1550 -0.2564 -0.9541
vn -0.1737 -0.2958 0.9393
vn 0.2344 -0.9263 0.2950
vn -0.2467 -0.0601 0.9672
vn -0.1171 -0.1447 0.9825
vn 0.1012 -0.0710 0.9923
vn 0.1171 -0.1447 0.9825
vn 0.4615 -0.8405 -0.2838
vn -0.0333 0.1135 -0.9930
vn 0.3342 0.9425 0.0021
vn -0.0347 -0.0832 -0.9959
vn -0.0361 -0.0839 -0.9958
vn -0.0176 -0.5134 -0.8580
vn 0.3343 0.9425 -0.0003
vn 0.3342 0.9425 -0.0010
vn 0.3356 0.9404 -0.0542
vn 0.3378 0.9354 0.1044
vn 0.0891 0.1566 0.9836
vn -0.0257 0.1690 -0.9853
vn -0.0341 -0.0265 -0.9991
vn 0.1024 -0.2255 0.9688
vn 0.9449 -0.3204 -0.0677
vn -0.9403 -0.3372 0.0467
vn -0.9085 -0.4046 -0.1048
vn -0.9594 -0.2796 -0.0361
vn -0.9125 -0.3537 0.2054
vn 0.9279 -0.3717 0.0282
vn 0.9085 -0.4046 -0.1048
vn 0.9515 -0.2823 0.1226
vn -0.0494 -0.1367 0.9894
vn 0.9591 -0.2566 0.1196
vn 0.1838 -0.0295 -0.9825
vn -0.9314 -0.0921 -0.3522
vn -0.9515 -0.2823 0.1226
vn 0.9314 -0.0921 -0.3522
vn 0.3398 0.9389 -0.0542
vn -0.9489 -0.1026 0.2984
vn -0.9557 -0.1694 0.2408
vn -0.9256 -0.2848 0.2495
vn 0.8724 0.0214 -0.4883
vn 0.9435 -0.1027 -0.3151
vn 0.9447 -0.1056 -0.3105
vn 0.9158 -0.2465 -0.3172
vn -0.1875 0.9748 -0.1212
vn -0.9982 -0.0001 -0.0600
vn -0.1112 0.9935 -0.0258
vn 0.0341 -0.0265 -0.9991
vn -0.0120 -0.2234 0.9746
vn 0.0636 0.2771 0.9587
vn -0.0988 0.9906 0.0950
vn -0.0972 0.9941 -0.0492
vn -0.0967 0.9953 -0.0012
vn -0.0967 0.9953 -0.0004
vn -0.0967 0.9953 0.0026
vn 0.0323 0.1099 -0.9934
vn -0.4904 -0.8460 0.2093
vn 0.0347 -0.0832 -0.9959
vn 0.0361 -0.0839 -0.9958
vn 0.0176 -0.5134 -0.8580
vn 0.0531 0.1999 -0.9784
vn -0.1054 0.9930 -0.0541
vn -0.0463 -0.1314 0.9902
vn -0.1838 -0.0295 -0.9825
vn -0.2314 0.1697 -0.9580
vn -0.1253 -0.4349 -0.8917
vn -0.1915 -0.0929 -0.9771
vn -0.1828 -0.0920 -0.9788
vn -0.0000 -0.9857 -0.1688
vn -0.1034 0.9946 0.0024
vn -0.1034 0.9946 -0.0004
vn -0.1034 0.9946 -0.0011
vn -0.1039 0.9931 -0.0541
vn -0.1057 0.9889 0.1044
vn -0.0679 0.1321 0.9889
vt 0.375000 0.375000
vt 0.625000 0.375000
vt 0.625000 0.500000
vt 0.541667 0.500000
vt 0.458333 0.500000
vt 0.375000 0.500000
vt 0.541667 0.666667
vt 0.625000 0.666667
vt 0.625000 0.750000
vt 0.541667 0.750000
vt 0.250000 0.500000
vt 0.375000 0.583333
vt 0.375000 0.666667
vt 0.375000 0.750000
vt 0.250000 0.750000
vt 0.750000 0.500000
vt 0.750000 0.750000
vt 0.625000 0.583333
vt 0.458333 0.750000
vt 0.625000 0.875000
vt 0.375000 0.875000
vt 0.458333 0.666667
vt 0.500000 0.666667
vt 0.458333 0.583333
vt 0.458333 0.625000
vt 0.541667 0.583333
vt 0.500000 0.583333
vt 0.541667 0.625000
vt 0.500000 0.625000
vt 0.375000 0.000000
vt 0.625000 0.000000
vt 0.625000 0.250000
vt 0.375000 0.250000
vt 0.625000 1.000000
vt 0.375000 1.000000
vt 0.125000 0.500000
vt 0.125000 0.750000
vt 0.875000 0.500000
vt 0.875000 0.750000
vt 0.750000 0.937500
vt 0.734375 1.000000
vt 0.718750 0.937500
vt 0.734375 0.000000
vt 0.750000 0.062500
vt 0.718750 0.062500
vt 0.750000 0.437500
vt 0.718750 0.500000
vt 0.718750 0.437500
vt 0.750000 0.875000
vt 0.718750 0.875000
vt 0.750000 0.375000
vt 0.718750 0.375000
vt 0.750000 0.812500
vt 0.718750 0.812500
vt 0.750000 0.312500
vt 0.718750 0.312500
vt 0.750000 0.750000
vt 0.718750 0.750000
vt 0.750000 0.250000
vt 0.718750 0.250000
vt 0.750000 0.687500
vt 0.718750 0.687500
vt 0.750000 0.187500
vt 0.718750 0.187500
vt 0.750000 0.625000
vt 0.718750 0.625000
vt 0.750000 0.125000
vt 0.718750 0.125000
vt 0.750000 0.562500
vt 0.718750 0.562500
vt 0.687500 0.625000
vt 0.687500 0.562500
vt 0.687500 0.125000
vt 0.687500 0.062500
vt 0.687500 0.500000
vt 0.703125 1.000000
vt 0.687500 0.937500
vt 0.703125 0.000000
vt 0.687500 0.437500
vt 0.687500 0.875000
vt 0.687500 0.375000
vt 0.687500 0.812500
vt 0.687500 0.312500
vt 0.687500 0.750000
vt 0.687500 0.250000
vt 0.687500 0.687500
vt 0.687500 0.187500
vt 0.656250 0.375000
vt 0.656250 0.312500
vt 0.656250 0.812500
vt 0.656250 0.750000
vt 0.656250 0.250000
vt 0.656250 0.687500
vt 0.656250 0.187500
vt 0.656250 0.625000
vt 0.656250 0.125000
vt 0.656250 0.562500
vt 0.656250 0.062500
vt 0.656250 0.500000
vt 0.671875 1.000000
vt 0.656250 0.937500
vt 0.671875 0.000000
vt 0.656250 0.437500
vt 0.656250 0.875000
vt 0.625000 0.125000
vt 0.625000 0.062500
vt 0.625000 0.562500
vt 0.640625 1.000000
vt 0.625000 0.937500
vt 0.640625 0.000000
vt 0.625000 0.437500
vt 0.625000 0.812500
vt 0.625000 0.312500
vt 0.625000 0.687500
vt 0.625000 0.187500
vt 0.625000 0.625000
vt 0.593750 0.312500
vt 0.593750 0.250000
vt 0.593750 0.750000
vt 0.593750 0.687500
vt 0.593750 0.187500
vt 0.593750 0.625000
vt 0.593750 0.125000
vt 0.593750 0.562500
vt 0.593750 0.062500
vt 0.593750 0.500000
vt 0.609375 1.000000
vt 0.593750 0.937500
vt 0.609375 0.000000
vt 0.593750 0.437500
vt 0.593750 0.875000
vt 0.593750 0.375000
vt 0.593750 0.812500
vt 0.578125 1.000000
vt 0.562500 0.937500
vt 0.578125 0.000000
vt 0.562500 0.062500
vt 0.562500 0.500000
vt 0.562500 0.437500
vt 0.562500 0.875000
vt 0.562500 0.375000
vt 0.562500 0.812500
vt 0.562500 0.312500
vt 0.562500 0.750000
vt 0.562500 0.250000
vt 0.562500 0.687500
vt 0.562500 0.187500
vt 0.562500 0.625000
vt 0.562500 0.125000
vt 0.562500 0.562500
vt 0.531250 0.750000
vt 0.531250 0.687500
vt 0.531250 0.250000
vt 0.531250 0.187500
vt 0.531250 0.625000
vt 0.531250 0.125000
vt 0.531250 0.562500
vt 0.531250 0.062500
vt 0.531250 0.500000
vt 0.546875 1.000000
vt 0.531250 0.937500
vt 0.546875 0.000000
vt 0.531250 0.437500
vt 0.531250 0.875000
vt 0.531250 0.375000
vt 0.531250 0.812500
vt 0.531250 0.312500
vt 0.500000 0.500000
vt 0.500000 0.437500
vt 0.500000 0.937500
vt 0.500000 0.875000
vt 0.500000 0.375000
vt 0.500000 0.812500
vt 0.500000 0.312500
vt 0.500000 0.750000
vt 0.500000 0.250000
vt 0.500000 0.687500
vt 0.500000 0.187500
vt 0.500000 0.625000
vt 0.500000 0.125000
vt 0.500000 0.562500
vt 0.500000 0.062500
vt 0.515625 1.000000
vt 0.515625 0.000000
vt 0.468750 0.250000
vt 0.468750 0.187500
vt 0.468750 0.687500
vt 0.468750 0.625000
vt 0.468750 0.125000
vt 0.468750 0.562500
vt 0.468750 0.062500
vt 0.468750 0.500000
vt 0.484375 1.000000
vt 0.468750 0.937500
vt 0.484375 0.000000
vt 0.468750 0.437500
vt 0.468750 0.875000
vt 0.468750 0.375000
vt 0.468750 0.812500
vt 0.468750 0.312500
vt 0.468750 0.750000
vt 0.437500 0.937500
vt 0.437500 0.875000
vt 0.437500 0.437500
vt 0.437500 0.375000
vt 0.437500 0.812500
vt 0.437500 0.312500
vt 0.437500 0.750000
vt 0.437500 0.250000
vt 0.437500 0.687500
vt 0.437500 0.187500
vt 0.437500 0.625000
vt 0.437500 0.125000
vt 0.437500 0.562500
vt 0.437500 0.062500
vt 0.437500 0.500000
vt 0.453125 1.000000
vt 0.453125 0.000000
vt 0.406250 0.687500
vt 0.406250 0.625000
vt 0.406250 0.187500
vt 0.406250 0.125000
vt 0.406250 0.562500
vt 0.406250 0.062500
vt 0.406250 0.500000
vt 0.421875 1.000000
vt 0.406250 0.937500
vt 0.421875 0.000000
vt 0.406250 0.437500
vt 0.406250 0.875000
vt 0.406250 0.375000
vt 0.406250 0.812500
vt 0.406250 0.312500
vt 0.406250 0.750000
vt 0.406250 0.250000
vt 0.375000 0.437500
vt 0.375000 0.812500
vt 0.375000 0.312500
vt 0.375000 0.750000
vt 0.375000 0.687500
vt 0.375000 0.187500
vt 0.375000 0.625000
vt 0.375000 0.125000
vt 0.375000 0.562500
vt 0.375000 0.062500
vt 0.375000 0.500000
vt 0.390625 1.000000
vt 0.375000 0.937500
vt 0.390625 0.000000
vt 0.343750 0.187500
vt 0.343750 0.125000
vt 0.343750 0.625000
vt 0.343750 0.562500
vt 0.343750 0.062500
vt 0.343750 0.500000
vt 0.359375 1.000000
vt 0.343750 0.937500
vt 0.359375 0.000000
vt 0.343750 0.437500
vt 0.343750 0.875000
vt 0.343750 0.375000
vt 0.343750 0.812500
vt 0.343750 0.312500
vt 0.343750 0.750000
vt 0.343750 0.250000
vt 0.343750 0.687500
vt 0.312500 0.375000
vt 0.312500 0.312500
vt 0.312500 0.812500
vt 0.312500 0.750000
vt 0.312500 0.250000
vt 0.312500 0.687500
vt 0.312500 0.187500
vt 0.312500 0.625000
vt 0.312500 0.125000
vt 0.312500 0.562500
vt 0.312500 0.062500
vt 0.312500 0.500000
vt 0.328125 1.000000
vt 0.312500 0.937500
vt 0.328125 0.000000
vt 0.312500 0.437500
vt 0.312500 0.875000
vt 0.281250 0.125000
vt 0.281250 0.062500
vt 0.281250 0.562500
vt 0.281250 0.500000
vt 0.296875 1.000000
vt 0.281250 0.937500
vt 0.296875 0.000000
vt 0.281250 0.437500
vt 0.281250 0.875000
vt 0.281250 0.375000
vt 0.281250 0.812500
vt 0.281250 0.312500
vt 0.281250 0.750000
vt 0.281250 0.250000
vt 0.281250 0.687500
vt 0.281250 0.187500
vt 0.281250 0.625000
vt 0.250000 0.812500
vt 0.250000 0.750000
vt 0.250000 0.312500
vt 0.250000 0.250000
vt 0.250000 0.687500
vt 0.250000 0.187500
vt 0.250000 0.625000
vt 0.250000 0.125000
vt 0.250000 0.562500
vt 0.250000 0.062500
vt 0.250000 0.500000
vt 0.265625 1.000000
vt 0.250000 0.937500
vt 0.265625 0.000000
vt 0.250000 0.437500
vt 0.250000 0.875000
vt 0.250000 0.375000
vt 0.218750 0.562500
vt 0.218750 0.500000
vt 0.234375 1.000000
vt 0.218750 0.937500
vt 0.234375 0.000000
vt 0.218750 0.062500
vt 0.218750 0.437500
vt 0.218750 0.875000
vt 0.218750 0.375000
vt 0.218750 0.812500
vt 0.218750 0.312500
vt 0.218750 0.750000
vt 0.218750 0.250000
vt 0.218750 0.687500
vt 0.218750 0.187500
vt 0.218750 0.625000
vt 0.218750 0.125000
vt 0.187500 0.312500
vt 0.187500 0.250000
vt 0.187500 0.750000
vt 0.187500 0.687500
vt 0.187500 0.187500
vt 0.187500 0.625000
vt 0.187500 0.125000
vt 0.187500 0.562500
vt 0.187500 0.062500
vt 0.187500 0.500000
vt 0.203125 1.000000
vt 0.187500 0.937500
vt 0.203125 0.000000
vt 0.187500 0.437500
vt 0.187500 0.875000
vt 0.187500 0.375000
vt 0.187500 0.812500
vt 0.171875 1.000000
vt 0.156250 0.937500
vt 0.171875 0.000000
vt 0.156250 0.062500
vt 0.156250 0.500000
vt 0.156250 0.437500
vt 0.156250 0.875000
vt 0.156250 0.375000
vt 0.156250 0.812500
vt 0.156250 0.312500
vt 0.156250 0.750000
vt 0.156250 0.250000
vt 0.156250 0.687500
vt 0.156250 0.187500
vt 0.156250 0.625000
vt 0.156250 0.125000
vt 0.156250 0.562500
vt 0.125000 0.750000
vt 0.125000 0.687500
vt 0.125000 0.250000
vt 0.125000 0.187500
vt 0.125000 0.625000
vt 0.125000 0.125000
vt 0.125000 0.562500
vt 0.125000 0.062500
vt 0.125000 0.500000
vt 0.140625 1.000000
vt 0.125000 0.937500
vt 0.140625 0.000000
vt 0.125000 0.437500
vt 0.125000 0.875000
vt 0.125000 0.375000
vt 0.125000 0.812500
vt 0.125000 0.312500
vt 0.093750 0.500000
vt 0.093750 0.437500
vt 0.093750 0.937500
vt 0.093750 0.875000
vt 0.093750 0.375000
vt 0.093750 0.812500
vt 0.093750 0.312500
vt 0.093750 0.750000
vt 0.093750 0.250000
vt 0.093750 0.687500
vt 0.093750 0.187500
vt 0.093750 0.625000
vt 0.093750 0.125000
vt 0.093750 0.562500
vt 0.093750 0.062500
vt 0.109375 1.000000
vt 0.109375 0.000000
vt 0.062500 0.250000
vt 0.062500 0.187500
vt 0.062500 0.687500
vt 0.062500 0.625000
vt 0.062500 0.125000
vt 0.062500 0.562500
vt 0.062500 0.062500
vt 0.062500 0.500000
vt 0.078125 1.000000
vt 0.062500 0.937500
vt 0.078125 0.000000
vt 0.062500 0.437500
vt 0.062500 0.875000
vt 0.062500 0.375000
vt 0.062500 0.812500
vt 0.062500 0.312500
vt 0.062500 0.750000
vt 0.031250 0.437500
vt 0.031250 0.375000
vt 0.031250 0.875000
vt 0.031250 0.812500
vt 0.031250 0.312500
vt 0.031250 0.750000
vt 0.031250 0.250000
vt 0.031250 0.687500
vt 0.031250 0.187500
vt 0.031250 0.625000
vt 0.031250 0.125000
vt 0.031250 0.562500
vt 0.031250 0.062500
vt 0.031250 0.500000
vt 0.046875 1.000000
vt 0.031250 0.937500
vt 0.046875 0.000000
vt 0.000000 0.187500
vt 0.000000 0.125000
vt 0.000000 0.625000
vt 0.000000 0.562500
vt 0.000000 0.062500
vt 0.000000 0.500000
vt 0.015625 1.000000
vt 0.000000 0.937500
vt 0.015625 0.000000
vt 0.000000 0.437500
vt 0.000000 0.875000
vt 0.000000 0.375000
vt 0.000000 0.812500
vt 0.000000 0.312500
vt 0.000000 0.750000
vt 0.000000 0.250000
vt 0.000000 0.687500
vt 1.000000 0.812500
vt 1.000000 0.875000
vt 0.968750 0.875000
vt 0.968750 0.812500
vt 1.000000 0.312500
vt 1.000000 0.375000
vt 0.968750 0.375000
vt 0.968750 0.312500
vt 1.000000 0.750000
vt 0.968750 0.750000
vt 1.000000 0.250000
vt 0.968750 0.250000
vt 1.000000 0.687500
vt 0.968750 0.687500
vt 1.000000 0.187500
vt 0.968750 0.187500
vt 1.000000 0.625000
vt 0.968750 0.625000
vt 1.000000 0.125000
vt 0.968750 0.125000
vt 1.000000 0.562500
vt 0.968750 0.562500
vt 1.000000 0.062500
vt 0.968750 0.062500
vt 1.000000 0.500000
vt 0.968750 0.500000
vt 1.000000 0.937500
vt 0.984375 1.000000
vt 0.968750 0.937500
vt 0.984375 0.000000
vt 1.000000 0.437500
vt 0.968750 0.437500
vt 0.937500 0.625000
vt 0.937500 0.562500
vt 0.937500 0.125000
vt 0.937500 0.062500
vt 0.937500 0.500000
vt 0.953125 1.000000
vt 0.937500 0.937500
vt 0.953125 0.000000
vt 0.937500 0.437500
vt 0.937500 0.875000
vt 0.937500 0.375000
vt 0.937500 0.812500
vt 0.937500 0.312500
vt 0.937500 0.750000
vt 0.937500 0.250000
vt 0.937500 0.687500
vt 0.937500 0.187500
vt 0.906250 0.375000
vt 0.906250 0.312500
vt 0.906250 0.812500
vt 0.906250 0.750000
vt 0.906250 0.250000
vt 0.906250 0.687500
vt 0.906250 0.187500
vt 0.906250 0.625000
vt 0.906250 0.125000
vt 0.906250 0.562500
vt 0.906250 0.062500
vt 0.906250 0.500000
vt 0.921875 1.000000
vt 0.906250 0.937500
vt 0.921875 0.000000
vt 0.906250 0.437500
vt 0.906250 0.875000
vt 0.875000 0.125000
vt 0.875000 0.062500
vt 0.875000 0.562500
vt 0.875000 0.500000
vt 0.890625 1.000000
vt 0.875000 0.937500
vt 0.890625 0.000000
vt 0.875000 0.437500
vt 0.875000 0.875000
vt 0.875000 0.375000
vt 0.875000 0.812500
vt 0.875000 0.312500
vt 0.875000 0.750000
vt 0.875000 0.250000
vt 0.875000 0.687500
vt 0.875000 0.187500
vt 0.875000 0.625000
vt 0.843750 0.812500
vt 0.843750 0.750000
vt 0.843750 0.312500
vt 0.843750 0.250000
vt 0.843750 0.687500
vt 0.843750 0.187500
vt 0.843750 0.625000
vt 0.843750 0.125000
vt 0.843750 0.562500
vt 0.843750 0.062500
vt 0.843750 0.500000
vt 0.859375 1.000000
vt 0.843750 0.937500
vt 0.859375 0.000000
vt 0.843750 0.437500
vt 0.843750 0.875000
vt 0.843750 0.375000
vt 0.812500 0.562500
vt 0.812500 0.500000
vt 0.828125 1.000000
vt 0.812500 0.937500
vt 0.828125 0.000000
vt 0.812500 0.062500
vt 0.812500 0.437500
vt 0.812500 0.875000
vt 0.812500 0.375000
vt 0.812500 0.812500
vt 0.812500 0.312500
vt 0.812500 0.750000
vt 0.812500 0.250000
vt 0.812500 0.687500
vt 0.812500 0.187500
vt 0.812500 0.625000
vt 0.812500 0.125000
vt 0.781250 0.312500
vt 0.781250 0.250000
vt 0.781250 0.750000
vt 0.781250 0.687500
vt 0.781250 0.187500
vt 0.781250 0.625000
vt 0.781250 0.125000
vt 0.781250 0.562500
vt 0.781250 0.062500
vt 0.781250 0.500000
vt 0.796875 1.000000
vt 0.781250 0.937500
vt 0.796875 0.000000
vt 0.781250 0.437500
vt 0.781250 0.875000
vt 0.781250 0.375000
vt 0.781250 0.812500
vt 0.765625 0.000000
vt 0.765625 1.000000
vt 0.593750 0.218750
vt 0.625000 0.218750
vt 0.593750 0.718750
vt 0.625000 0.718750
vt 0.593750 0.750000
vt 0.593750 0.937500
vt 0.625000 0.937500
vt 0.593750 1.000000
vt 0.812500 0.718750
vt 0.875000 0.718750
vt 0.812500 0.750000
vt 0.812500 0.531250
vt 0.875000 0.531250
vt 0.875000 0.562500
vt 0.812500 0.562500
vt 0.875000 0.625000
vt 0.812500 0.625000
vt 0.875000 0.687500
vt 0.812500 0.687500
vt 0.312500 0.531250
vt 0.375000 0.531250
vt 0.437500 0.531250
vt 0.500000 0.531250
vt 0.500000 0.562500
vt 0.562500 0.531250
vt 0.593750 0.531250
vt 0.625000 0.531250
vt 0.625000 0.625000
vt 0.593750 0.625000
vt 0.625000 0.687500
vt 0.437500 0.500000
vt 0.500000 0.437500
vt 0.375000 0.218750
vt 0.437500 0.218750
vt 0.500000 0.218750
vt 0.500000 0.250000
vt 0.562500 0.218750
vt 0.437500 0.031250
vt 0.500000 0.031250
vt 0.500000 0.062500
vt 0.437500 0.062500
vt 0.562500 0.031250
vt 0.562500 0.062500
vt 0.593750 0.031250
vt 0.625000 0.031250
vt 0.625000 0.062500
vt 0.593750 0.062500
vt 0.593750 0.000000
vt 0.500000 0.687500
vt 0.562500 0.718750
vt 0.500000 0.718750
vt 0.437500 0.687500
vt 0.437500 0.718750
vt 0.562500 0.750000
vt 0.562500 0.937500
vt 0.562500 1.000000
vt 0.812500 0.500000
vt 0.312500 0.500000
vt 0.562500 0.625000
vt 0.375000 0.187500
vt 0.437500 0.187500
vt 0.562500 0.000000
vt 0.187500 0.562500
vt 0.250000 0.562500
vt 0.687500 0.718750
vt 0.750000 0.718750
vt 0.500000 0.312500
vt 0.500000 0.375000
vt 0.562500 0.312500
vt 0.437500 0.312500
vt 0.375000 0.312500
vt 0.187500 0.500000
vt 0.750000 0.625000
vt 0.687500 0.750000
vt 0.625000 0.312500
vt 0.187500 0.531250
vt 0.250000 0.531250
vt 0.687500 0.531250
vt 0.750000 0.531250
vt 0.593750 0.312500
vt 0.125000 0.531250
vt 0.125000 0.562500
s 0
usemtl SKIN
f 209/126/53 210/127/53 208/128/53 213/129/53 214/130/53 207/131/53
f 224/132/54 218/133/54 206/134/54 219/135/54
f 209/136/55 207/131/55 216/137/55 215/138/55 205/139/55 211/140/55
f 208/128/56 210/141/56 212/142/56 206/134/56 218/133/56 217/143/56
f 205/139/57 220/144/57 219/135/57 206/134/57 212/145/57 211/146/57
f 215/138/54 222/147/54 220/144/54 205/139/54
f 222/147/54 228/148/54 224/132/54 219/135/54 220/144/54
f 207/131/54 214/130/54 221/149/54 216/137/54
f 216/137/54 221/149/54 225/150/54 222/147/54 215/138/54
f 214/130/54 213/129/54 223/151/54 227/152/54 221/149/54
f 225/150/58 221/149/58 234/149/58 229/150/58
f 213/129/54 208/128/54 217/143/54 223/151/54
f 223/151/54 217/143/54 218/133/54 224/132/54 226/153/54
f 227/152/59 223/151/59 236/151/59 233/152/59
f 226/153/60 224/132/60 232/132/60 231/153/60
f 228/148/61 222/147/61 230/147/61 235/148/61
f 237/154/62 231/153/62 232/132/62 235/148/62
f 229/150/63 237/154/63 235/148/63 230/147/63
f 234/149/64 233/152/64 237/154/64 229/150/64
f 233/152/65 236/151/65 231/153/65 237/154/65
f 221/149/66 227/152/66 233/152/66 234/149/66
f 224/132/67 228/148/67 235/148/67 232/132/67
f 223/151/68 226/153/68 231/153/68 236/151/68
f 222/147/69 225/150/69 229/150/69 230/147/69
f 209/126/53 240/131/53 243/130/53 242/129/53 241/128/53 210/127/53
f 253/132/70 248/135/70 239/134/70 247/133/70
f 209/136/55 211/140/55 238/139/55 244/138/55 245/137/55 240/131/55
f 241/128/56 246/143/56 247/133/56 239/134/56 212/142/56 210/141/56
f 238/139/57 211/146/57 212/145/57 239/134/57 248/135/57 249/144/57
f 244/138/70 238/139/70 249/144/70 251/147/70
f 251/147/70 249/144/70 248/135/70 253/132/70 257/148/70
f 240/131/70 245/137/70 250/149/70 243/130/70
f 245/137/70 244/138/70 251/147/70 254/150/70 250/149/70
f 243/130/70 250/149/70 256/152/70 252/151/70 242/129/70
f 254/150/71 258/150/71 263/149/71 250/149/71
f 242/129/70 252/151/70 246/143/70 241/128/70
f 252/151/70 255/153/70 253/132/70 247/133/70 246/143/70
f 256/152/72 262/152/72 265/151/72 252/151/72
f 255/153/73 260/153/73 261/132/73 253/132/73
f 257/148/74 264/148/74 259/147/74 251/147/74
f 266/154/75 264/148/75 261/132/75 260/153/75
f 258/150/76 259/147/76 264/148/76 266/154/76
f 263/149/77 258/150/77 266/154/77 262/152/77
f 262/152/78 266/154/78 260/153/78 265/151/78
f 250/149/79 263/149/79 262/152/79 256/152/79
f 253/132/80 261/132/80 264/148/80 257/148/80
f 252/151/81 265/151/81 260/153/81 255/153/81
f 251/147/82 259/147/82 258/150/82 254/150/82
f 267/155/83 268/156/83 270/157/83 269/158/83
f 269/158/84 270/157/84 274/128/84 273/131/84
f 273/131/85 274/128/85 272/134/85 271/139/85
f 271/139/86 272/134/86 268/159/86 267/160/86
f 269/161/55 273/131/55 271/139/55 267/162/55
f 274/128/56 270/163/56 268/164/56 272/134/56
usemtl EYES
f 748/165/87 356/166/87 281/167/87
f 582/168/88 756/169/88 295/170/88
f 279/171/89 278/141/89 288/172/89 289/173/89
f 749/174/90 748/165/90 281/167/90 282/175/90
f 752/176/91 279/171/91 289/173/91 290/177/91
f 275/178/92 749/174/92 282/175/92 283/179/92
f 280/180/93 752/176/93 290/177/93 291/181/93
f 750/182/94 275/178/94 283/179/94 284/183/94
f 753/184/95 280/180/95 291/181/95 292/185/95
f 276/186/96 750/182/96 284/183/96 285/187/96
f 754/188/97 753/184/97 292/185/97 293/189/97
f 751/190/98 276/186/98 285/187/98 286/191/98
f 755/192/99 754/188/99 293/189/99 294/193/99
f 277/194/100 751/190/100 286/191/100 287/195/100
f 756/169/101 755/192/101 294/193/101 295/170/101
f 278/141/102 277/194/102 287/195/102 288/172/102
f 287/195/103 286/191/103 301/196/103 302/197/103
f 295/170/104 294/193/104 309/198/104 310/199/104
f 288/172/105 287/195/105 302/197/105 303/200/105
f 281/167/106 356/201/106 296/202/106
f 582/203/107 295/170/107 310/199/107
f 289/173/108 288/172/108 303/200/108 304/204/108
f 282/175/109 281/167/109 296/202/109 297/205/109
f 290/177/110 289/173/110 304/204/110 305/206/110
f 283/179/111 282/175/111 297/205/111 298/207/111
f 291/181/112 290/177/112 305/206/112 306/208/112
f 284/183/113 283/179/113 298/207/113 299/209/113
f 292/185/114 291/181/114 306/208/114 307/210/114
f 285/187/115 284/183/115 299/209/115 300/211/115
f 293/189/116 292/185/116 307/210/116 308/212/116
f 286/191/117 285/187/117 300/211/117 301/196/117
f 294/193/118 293/189/118 308/212/118 309/198/118
f 306/208/119 305/206/119 320/213/119 321/214/119
f 299/209/120 298/207/120 313/215/120 314/216/120
f 307/210/121 306/208/121 321/214/121 322/217/121
f 300/211/122 299/209/122 314/216/122 315/218/122
f 308/212/123 307/210/123 322/217/123 323/219/123
f 301/196/124 300/211/124 315/218/124 316/220/124
f 309/198/125 308/212/125 323/219/125 324/221/125
f 302/197/126 301/196/126 316/220/126 317/222/126
f 310/199/127 309/198/127 324/221/127 325/223/127
f 303/200/128 302/197/128 317/222/128 318/224/128
f 296/202/129 356/225/129 311/226/129
f 582/227/130 310/199/130 325/223/130
f 304/204/131 303/200/131 318/224/131 319/228/131
f 297/205/132 296/202/132 311/226/132 312/229/132
f 305/206/133 304/204/133 319/228/133 320/213/133
f 298/207/134 297/205/134 312/229/134 313/215/134
f 325/223/135 324/221/135 339/230/135 340/231/135
f 318/224/136 317/222/136 332/232/136 333/128/136
f 311/226/137 356/233/137 326/234/137
f 582/235/138 325/223/138 340/231/138
f 319/228/139 318/224/139 333/128/139 334/236/139
f 312/229/140 311/226/140 326/234/140 327/145/140
f 320/213/141 319/228/141 334/236/141 335/127/141
f 313/215/142 312/229/142 327/145/142 328/237/142
f 321/214/143 320/213/143 335/127/143 336/238/143
f 314/216/144 313/215/144 328/237/144 329/134/144
f 322/217/145 321/214/145 336/238/145 337/157/145
f 315/218/146 314/216/146 329/134/146 330/239/146
f 323/219/147 322/217/147 337/157/147 338/240/147
f 316/220/148 315/218/148 330/239/148 331/241/148
f 324/221/149 323/219/149 338/240/149 339/230/149
f 317/222/150 316/220/150 331/241/150 332/232/150
f 337/157/151 336/238/151 351/242/151 352/243/151
f 330/239/152 329/134/152 344/244/152 345/245/152
f 338/240/153 337/157/153 352/243/153 353/246/153
f 331/241/154 330/239/154 345/245/154 346/247/154
f 339/230/155 338/240/155 353/246/155 354/248/155
f 332/232/156 331/241/156 346/247/156 347/249/156
f 340/231/157 339/230/157 354/248/157 355/250/157
f 333/128/158 332/232/158 347/249/158 348/251/158
f 326/234/159 356/252/159 341/253/159
f 582/254/160 340/231/160 355/250/160
f 334/236/161 333/128/161 348/251/161 349/255/161
f 327/145/162 326/234/162 341/253/162 342/256/162
f 335/127/163 334/236/163 349/255/163 350/257/163
f 328/237/164 327/145/164 342/256/164 343/258/164
f 336/238/165 335/127/165 350/257/165 351/242/165
f 329/134/166 328/237/166 343/258/166 344/244/166
f 341/253/167 356/259/167 357/260/167
f 582/261/168 355/250/168 371/262/168
f 349/255/169 348/251/169 364/263/169 365/264/169
f 342/256/170 341/253/170 357/260/170 358/265/170
f 350/257/171 349/255/171 365/264/171 366/266/171
f 343/258/172 342/256/172 358/265/172 359/267/172
f 351/242/173 350/257/173 366/266/173 367/268/173
f 344/244/174 343/258/174 359/267/174 360/269/174
f 352/243/175 351/242/175 367/268/175 368/270/175
f 345/245/176 344/244/176 360/269/176 361/271/176
f 353/246/177 352/243/177 368/270/177 369/272/177
f 346/247/178 345/245/178 361/271/178 362/273/178
f 354/248/179 353/246/179 369/272/179 370/274/179
f 347/249/180 346/247/180 362/273/180 363/275/180
f 355/250/181 354/248/181 370/274/181 371/262/181
f 348/251/182 347/249/182 363/275/182 364/263/182
f 361/271/183 360/269/183 375/276/183 376/277/183
f 369/272/184 368/270/184 383/278/184 384/279/184
f 362/273/185 361/271/185 376/277/185 377/280/185
f 370/274/186 369/272/186 384/279/186 385/281/186
f 363/275/187 362/273/187 377/280/187 378/282/187
f 371/262/188 370/274/188 385/281/188 386/283/188
f 364/263/189 363/275/189 378/282/189 379/284/189
f 357/260/190 356/285/190 372/286/190
f 582/287/191 371/262/191 386/283/191
f 365/264/192 364/263/192 379/284/192 380/288/192
f 358/265/193 357/260/193 372/286/193 373/289/193
f 366/266/194 365/264/194 380/288/194 381/290/194
f 359/267/195 358/265/195 373/289/195 374/291/195
f 367/268/196 366/266/196 381/290/196 382/292/196
f 360/269/197 359/267/197 374/291/197 375/276/197
f 368/270/198 367/268/198 382/292/198 383/278/198
f 380/288/199 379/284/199 394/293/199 395/294/199
f 373/289/200 372/286/200 387/295/200 388/296/200
f 381/290/201 380/288/201 395/294/201 396/297/201
f 374/291/202 373/289/202 388/296/202 389/298/202
f 382/292/203 381/290/203 396/297/203 397/299/203
f 375/276/204 374/291/204 389/298/204 390/300/204
f 383/278/205 382/292/205 397/299/205 398/301/205
f 376/277/206 375/276/206 390/300/206 391/302/206
f 384/279/207 383/278/207 398/301/207 399/303/207
f 377/280/208 376/277/208 391/302/208 392/304/208
f 385/281/209 384/279/209 399/303/209 400/305/209
f 378/282/210 377/280/210 392/304/210 393/306/210
f 386/283/211 385/281/211 400/305/211 401/307/211
f 379/284/212 378/282/212 393/306/212 394/293/212
f 372/286/213 356/308/213 387/295/213
f 582/309/214 386/283/214 401/307/214
f 399/303/215 398/301/215 413/310/215 414/311/215
f 392/304/216 391/302/216 406/312/216 407/313/216
f 400/305/217 399/303/217 414/311/217 415/314/217
f 393/306/218 392/304/218 407/313/218 408/315/218
f 401/307/219 400/305/219 415/314/219 416/316/219
f 394/293/220 393/306/220 408/315/220 409/317/220
f 387/295/221 356/318/221 402/319/221
f 582/320/222 401/307/222 416/316/222
f 395/294/223 394/293/223 409/317/223 410/321/223
f 388/296/224 387/295/224 402/319/224 403/322/224
f 396/297/225 395/294/225 410/321/225 411/323/225
f 389/298/226 388/296/226 403/322/226 404/324/226
f 397/299/227 396/297/227 411/323/227 412/325/227
f 390/300/228 389/298/228 404/324/228 405/326/228
f 398/301/229 397/299/229 412/325/229 413/310/229
f 391/302/230 390/300/230 405/326/230 406/312/230
f 403/322/231 402/319/231 417/327/231 418/328/231
f 411/323/232 410/321/232 425/329/232 426/330/232
f 404/324/233 403/322/233 418/328/233 419/331/233
f 412/325/234 411/323/234 426/330/234 427/332/234
f 405/326/235 404/324/235 419/331/235 420/333/235
f 413/310/236 412/325/236 427/332/236 428/334/236
f 406/312/237 405/326/237 420/333/237 421/335/237
f 414/311/238 413/310/238 428/334/238 429/336/238
f 407/313/239 406/312/239 421/335/239 422/337/239
f 415/314/240 414/311/240 429/336/240 430/338/240
f 408/315/241 407/313/241 422/337/241 423/339/241
f 416/316/242 415/314/242 430/338/242 431/340/242
f 409/317/243 408/315/243 423/339/243 424/341/243
f 402/319/244 356/342/244 417/327/244
f 582/343/245 416/316/245 431/340/245
f 410/321/246 409/317/246 424/341/246 425/329/246
f 422/337/247 421/335/247 436/344/247 437/345/247
f 430/338/248 429/336/248 444/346/248 445/347/248
f 423/339/249 422/337/249 437/345/249 438/348/249
f 431/340/250 430/338/250 445/347/250 446/349/250
f 424/341/251 423/339/251 438/348/251 439/350/251
f 417/327/252 356/351/252 432/352/252
f 582/353/253 431/340/253 446/349/253
f 425/329/254 424/341/254 439/350/254 440/354/254
f 418/328/255 417/327/255 432/352/255 433/355/255
f 426/330/256 425/329/256 440/354/256 441/356/256
f 419/331/257 418/328/257 433/355/257 434/357/257
f 427/332/258 426/330/258 441/356/258 442/358/258
f 420/333/259 419/331/259 434/357/259 435/359/259
f 428/334/260 427/332/260 442/358/260 443/360/260
f 421/335/261 420/333/261 435/359/261 436/344/261
f 429/336/262 428/334/262 443/360/262 444/346/262
f 441/356/263 440/354/263 455/361/263 456/126/263
f 434/357/264 433/355/264 448/146/264 449/362/264
f 442/358/265 441/356/265 456/126/265 457/363/265
f 435/359/266 434/357/266 449/362/266 450/364/266
f 443/360/267 442/358/267 457/363/267 458/158/267
f 436/344/268 435/359/268 450/364/268 451/365/268
f 444/346/269 443/360/269 458/158/269 459/366/269
f 437/345/270 436/344/270 451/365/270 452/367/270
f 445/347/271 444/346/271 459/366/271 460/368/271
f 438/348/272 437/345/272 452/367/272 453/369/272
f 446/349/273 445/347/273 460/368/273 461/370/273
f 439/350/274 438/348/274 453/369/274 454/371/274
f 432/352/275 356/372/275 447/373/275
f 582/374/276 446/349/276 461/370/276
f 440/354/277 439/350/277 454/371/277 455/361/277
f 433/355/278 432/352/278 447/373/278 448/146/278
f 460/368/279 459/366/279 474/375/279 475/376/279
f 453/369/280 452/367/280 467/377/280 468/378/280
f 461/370/281 460/368/281 475/376/281 476/379/281
f 454/371/282 453/369/282 468/378/282 469/380/282
f 447/373/283 356/381/283 462/382/283
f 582/383/284 461/370/284 476/379/284
f 455/361/285 454/371/285 469/380/285 470/384/285
f 448/146/286 447/373/286 462/382/286 463/385/286
f 456/126/287 455/361/287 470/384/287 471/386/287
f 449/362/288 448/146/288 463/385/288 464/387/288
f 457/363/289 456/126/289 471/386/289 472/388/289
f 450/364/290 449/362/290 464/387/290 465/389/290
f 458/158/291 457/363/291 472/388/291 473/390/291
f 451/365/292 450/364/292 465/389/292 466/391/292
f 459/366/293 458/158/293 473/390/293 474/375/293
f 452/367/294 451/365/294 466/391/294 467/377/294
f 472/388/295 471/386/295 486/392/295 487/393/295
f 465/389/296 464/387/296 479/394/296 480/395/296
f 473/390/297 472/388/297 487/393/297 488/396/297
f 466/391/298 465/389/298 480/395/298 481/397/298
f 474/375/299 473/390/299 488/396/299 489/398/299
f 467/377/300 466/391/300 481/397/300 482/399/300
f 475/376/301 474/375/301 489/398/301 490/400/301
f 468/378/302 467/377/302 482/399/302 483/401/302
f 476/379/303 475/376/303 490/400/303 491/402/303
f 469/380/304 468/378/304 483/401/304 484/403/304
f 462/382/305 356/404/305 477/405/305
f 582/406/306 476/379/306 491/402/306
f 470/384/307 469/380/307 484/403/307 485/407/307
f 463/385/308 462/382/308 477/405/308 478/408/308
f 471/386/309 470/384/309 485/407/309 486/392/309
f 464/387/310 463/385/310 478/408/310 479/394/310
f 491/402/311 490/400/311 505/409/311 506/410/311
f 484/403/312 483/401/312 498/411/312 499/412/312
f 477/405/313 356/413/313 492/414/313
f 582/415/314 491/402/314 506/410/314
f 485/407/315 484/403/315 499/412/315 500/416/315
f 478/408/316 477/405/316 492/414/316 493/417/316
f 486/392/317 485/407/317 500/416/317 501/418/317
f 479/394/318 478/408/318 493/417/318 494/419/318
f 487/393/319 486/392/319 501/418/319 502/420/319
f 480/395/320 479/394/320 494/419/320 495/421/320
f 488/396/321 487/393/321 502/420/321 503/422/321
f 481/397/322 480/395/322 495/421/322 496/423/322
f 489/398/323 488/396/323 503/422/323 504/424/323
f 482/399/324 481/397/324 496/423/324 497/425/324
f 490/400/325 489/398/325 504/424/325 505/409/325
f 483/401/326 482/399/326 497/425/326 498/411/326
f 495/421/327 494/419/327 509/426/327 510/427/327
f 503/422/328 502/420/328 517/428/328 518/429/328
f 496/423/329 495/421/329 510/427/329 511/430/329
f 504/424/330 503/422/330 518/429/330 519/431/330
f 497/425/331 496/423/331 511/430/331 512/432/331
f 505/409/332 504/424/332 519/431/332 520/433/332
f 498/411/333 497/425/333 512/432/333 513/434/333
f 506/410/334 505/409/334 520/433/334 521/435/334
f 499/412/335 498/411/335 513/434/335 514/436/335
f 492/414/336 356/437/336 507/438/336
f 582/439/337 506/410/337 521/435/337
f 500/416/338 499/412/338 514/436/338 515/440/338
f 493/417/339 492/414/339 507/438/339 508/441/339
f 501/418/340 500/416/340 515/440/340 516/442/340
f 494/419/341 493/417/341 508/441/341 509/426/341
f 502/420/342 501/418/342 516/442/342 517/428/342
f 514/436/343 513/434/343 528/443/343 529/444/343
f 507/438/344 356/445/344 522/446/344
f 582/447/345 521/435/345 536/448/345
f 515/440/346 514/436/346 529/444/346 530/449/346
f 508/441/347 507/438/347 522/446/347 523/450/347
f 516/442/348 515/440/348 530/449/348 531/451/348
f 509/426/349 508/441/349 523/450/349 524/452/349
f 517/428/350 516/442/350 531/451/350 532/453/350
f 510/427/351 509/426/351 524/452/351 525/454/351
f 518/429/352 517/428/352 532/453/352 533/455/352
f 511/430/353 510/427/353 525/454/353 526/456/353
f 519/431/354 518/429/354 533/455/354 534/457/354
f 512/432/355 511/430/355 526/456/355 527/458/355
f 520/433/356 519/431/356 534/457/356 535/459/356
f 513/434/357 512/432/357 527/458/357 528/443/357
f 521/435/358 520/433/358 535/459/358 536/448/358
f 533/455/359 532/453/359 547/460/359 548/461/359
f 526/456/360 525/454/360 540/462/360 541/463/360
f 534/457/361 533/455/361 548/461/361 549/464/361
f 527/458/362 526/456/362 541/463/362 542/465/362
f 535/459/363 534/457/363 549/464/363 550/466/363
f 528/443/364 527/458/364 542/465/364 543/467/364
f 536/448/365 535/459/365 550/466/365 551/468/365
f 529/444/366 528/443/366 543/467/366 544/469/366
f 522/446/367 356/470/367 537/471/367
f 582/472/368 536/448/368 551/468/368
f 530/449/369 529/444/369 544/469/369 545/473/369
f 523/450/370 522/446/370 537/471/370 538/474/370
f 531/451/371 530/449/371 545/473/371 546/475/371
f 524/452/372 523/450/372 538/474/372 539/476/372
f 532/453/373 531/451/373 546/475/373 547/460/373
f 525/454/374 524/452/374 539/476/374 540/462/374
f 537/471/375 356/477/375 552/478/375
f 582/479/376 551/468/376 566/480/376
f 545/473/377 544/469/377 559/481/377 560/482/377
f 538/474/378 537/471/378 552/478/378 553/483/378
f 546/475/379 545/473/379 560/482/379 561/484/379
f 539/476/380 538/474/380 553/483/380 554/485/380
f 547/460/381 546/475/381 561/484/381 562/486/381
f 540/462/382 539/476/382 554/485/382 555/487/382
f 548/461/383 547/460/383 562/486/383 563/488/383
f 541/463/384 540/462/384 555/487/384 556/489/384
f 549/464/385 548/461/385 563/488/385 564/490/385
f 542/465/386 541/463/386 556/489/386 557/491/386
f 550/466/387 549/464/387 564/490/387 565/492/387
f 543/467/388 542/465/388 557/491/388 558/493/388
f 551/468/389 550/466/389 565/492/389 566/480/389
f 544/469/390 543/467/390 558/493/390 559/481/390
f 556/489/391 555/487/391 570/494/391 571/495/391
f 564/490/392 563/488/392 578/496/392 579/497/392
f 557/491/393 556/489/393 571/495/393 572/498/393
f 565/492/394 564/490/394 579/497/394 580/499/394
f 558/493/395 557/491/395 572/498/395 573/500/395
f 566/480/396 565/492/396 580/499/396 581/501/396
f 559/481/397 558/493/397 573/500/397 574/502/397
f 552/478/398 356/503/398 567/504/398
f 582/505/399 566/480/399 581/501/399
f 560/482/400 559/481/400 574/502/400 575/506/400
f 553/483/401 552/478/401 567/504/401 568/507/401
f 561/484/402 560/482/402 575/506/402 576/508/402
f 554/485/403 553/483/403 568/507/403 569/509/403
f 562/486/404 561/484/404 576/508/404 577/510/404
f 555/487/405 554/485/405 569/509/405 570/494/405
f 563/488/406 562/486/406 577/510/406 578/496/406
f 575/506/407 574/502/407 590/511/407 591/512/407
f 568/507/408 567/504/408 583/513/408 584/514/408
f 576/508/409 575/506/409 591/512/409 592/515/409
f 569/509/410 568/507/410 584/514/410 585/516/410
f 577/510/411 576/508/411 592/515/411 593/517/411
f 570/494/412 569/509/412 585/516/412 586/518/412
f 578/496/413 577/510/413 593/517/413 594/519/413
f 571/495/414 570/494/414 586/518/414 587/520/414
f 579/497/415 578/496/415 594/519/415 595/521/415
f 572/498/416 571/495/416 587/520/416 588/522/416
f 580/499/417 579/497/417 595/521/417 596/523/417
f 573/500/418 572/498/418 588/522/418 589/524/418
f 581/501/419 580/499/419 596/523/419 597/525/419
f 574/502/420 573/500/420 589/524/420 590/511/420
f 567/504/421 356/526/421 583/513/421
f 582/527/422 581/501/422 597/525/422
f 595/521/423 594/519/423 609/528/423 610/529/423
f 588/522/424 587/520/424 602/530/424 603/531/424
f 596/523/425 595/521/425 610/529/425 611/532/425
f 589/524/426 588/522/426 603/531/426 604/533/426
f 597/525/427 596/523/427 611/532/427 612/534/427
f 590/511/428 589/524/428 604/533/428 605/535/428
f 583/513/429 356/536/429 598/537/429
f 582/538/430 597/525/430 612/534/430
f 591/512/431 590/511/431 605/535/431 606/539/431
f 584/514/432 583/513/432 598/537/432 599/540/432
f 592/515/433 591/512/433 606/539/433 607/541/433
f 585/516/434 584/514/434 599/540/434 600/542/434
f 593/517/435 592/515/435 607/541/435 608/543/435
f 586/518/436 585/516/436 600/542/436 601/544/436
f 594/519/437 593/517/437 608/543/437 609/528/437
f 587/520/438 586/518/438 601/544/438 602/530/438
f 607/541/439 606/539/439 621/545/439 622/546/439
f 600/542/440 599/540/440 614/547/440 615/548/440
f 608/543/441 607/541/441 622/546/441 623/549/441
f 601/544/442 600/542/442 615/548/442 616/550/442
f 609/528/443 608/543/443 623/549/443 624/551/443
f 602/530/444 601/544/444 616/550/444 617/552/444
f 610/529/445 609/528/445 624/551/445 625/553/445
f 603/531/446 602/530/446 617/552/446 618/554/446
f 611/532/447 610/529/447 625/553/447 626/555/447
f 604/533/448 603/531/448 618/554/448 619/556/448
f 612/534/449 611/532/449 626/555/449 627/557/449
f 605/535/450 604/533/450 619/556/450 620/558/450
f 598/537/451 356/559/451 613/560/451
f 582/561/452 612/534/452 627/557/452
f 606/539/453 605/535/453 620/558/453 621/545/453
f 599/540/454 598/537/454 613/560/454 614/547/454
f 626/555/455 625/553/455 640/562/455 641/563/455
f 619/556/456 618/554/456 633/564/456 634/565/456
f 627/557/457 626/555/457 641/563/457 642/566/457
f 620/558/458 619/556/458 634/565/458 635/567/458
f 613/560/459 356/568/459 628/569/459
f 582/570/460 627/557/460 642/566/460
f 621/545/461 620/558/461 635/567/461 636/571/461
f 614/547/462 613/560/462 628/569/462 629/572/462
f 622/546/463 621/545/463 636/571/463 637/573/463
f 615/548/464 614/547/464 629/572/464 630/574/464
f 623/549/465 622/546/465 637/573/465 638/575/465
f 616/550/466 615/548/466 630/574/466 631/576/466
f 624/551/467 623/549/467 638/575/467 639/577/467
f 617/552/468 616/550/468 631/576/468 632/578/468
f 625/553/469 624/551/469 639/577/469 640/562/469
f 618/554/470 617/552/470 632/578/470 633/564/470
f 630/579/471 629/580/471 644/581/471 645/582/471
f 638/583/472 637/584/472 652/585/472 653/586/472
f 631/587/473 630/579/473 645/582/473 646/588/473
f 639/589/474 638/583/474 653/586/474 654/590/474
f 632/591/475 631/587/475 646/588/475 647/592/475
f 640/593/476 639/589/476 654/590/476 655/594/476
f 633/595/477 632/591/477 647/592/477 648/596/477
f 641/597/478 640/593/478 655/594/478 656/598/478
f 634/599/479 633/595/479 648/596/479 649/600/479
f 642/601/480 641/597/480 656/598/480 657/602/480
f 635/603/481 634/599/481 649/600/481 650/604/481
f 628/605/482 356/606/482 643/607/482
f 582/608/483 642/601/483 657/602/483
f 636/609/484 635/603/484 650/604/484 651/610/484
f 629/580/485 628/605/485 643/607/485 644/581/485
f 637/584/486 636/609/486 651/610/486 652/585/486
f 649/600/487 648/596/487 663/611/487 664/612/487
f 657/602/488 656/598/488 671/613/488 672/614/488
f 650/604/489 649/600/489 664/612/489 665/615/489
f 643/607/490 356/616/490 658/617/490
f 582/618/491 657/602/491 672/614/491
f 651/610/492 650/604/492 665/615/492 666/619/492
f 644/581/493 643/607/493 658/617/493 659/620/493
f 652/585/494 651/610/494 666/619/494 667/621/494
f 645/582/495 644/581/495 659/620/495 660/622/495
f 653/586/496 652/585/496 667/621/496 668/623/496
f 646/588/497 645/582/497 660/622/497 661/624/497
f 654/590/498 653/586/498 668/623/498 669/625/498
f 647/592/499 646/588/499 661/624/499 662/626/499
f 655/594/500 654/590/500 669/625/500 670/627/500
f 648/596/501 647/592/501 662/626/501 663/611/501
f 656/598/502 655/594/502 670/627/502 671/613/502
f 668/623/503 667/621/503 682/628/503 683/629/503
f 661/624/504 660/622/504 675/630/504 676/631/504
f 669/625/505 668/623/505 683/629/505 684/632/505
f 662/626/506 661/624/506 676/631/506 677/633/506
f 670/627/507 669/625/507 684/632/507 685/634/507
f 663/611/508 662/626/508 677/633/508 678/635/508
f 671/613/509 670/627/509 685/634/509 686/636/509
f 664/612/510 663/611/510 678/635/510 679/637/510
f 672/614/511 671/613/511 686/636/511 687/638/511
f 665/615/512 664/612/512 679/637/512 680/639/512
f 658/617/513 356/640/513 673/641/513
f 582/642/514 672/614/514 687/638/514
f 666/619/515 665/615/515 680/639/515 681/643/515
f 659/620/516 658/617/516 673/641/516 674/644/516
f 667/621/517 666/619/517 681/643/517 682/628/517
f 660/622/518 659/620/518 674/644/518 675/630/518
f 687/638/519 686/636/519 701/645/519 702/646/519
f 680/639/520 679/637/520 694/647/520 695/648/520
f 673/641/521 356/649/521 688/650/521
f 582/651/522 687/638/522 702/646/522
f 681/643/523 680/639/523 695/648/523 696/652/523
f 674/644/524 673/641/524 688/650/524 689/653/524
f 682/628/525 681/643/525 696/652/525 697/654/525
f 675/630/526 674/644/526 689/653/526 690/655/526
f 683/629/527 682/628/527 697/654/527 698/656/527
f 676/631/528 675/630/528 690/655/528 691/657/528
f 684/632/529 683/629/529 698/656/529 699/658/529
f 677/633/530 676/631/530 691/657/530 692/659/530
f 685/634/531 684/632/531 699/658/531 700/660/531
f 678/635/532 677/633/532 692/659/532 693/661/532
f 686/636/533 685/634/533 700/660/533 701/645/533
f 679/637/534 678/635/534 693/661/534 694/647/534
f 691/657/535 690/655/535 705/662/535 706/663/535
f 699/658/536 698/656/536 713/664/536 714/665/536
f 692/659/537 691/657/537 706/663/537 707/666/537
f 700/660/538 699/658/538 714/665/538 715/667/538
f 693/661/539 692/659/539 707/666/539 708/668/539
f 701/645/540 700/660/540 715/667/540 716/669/540
f 694/647/541 693/661/541 708/668/541 709/670/541
f 702/646/542 701/645/542 716/669/542 717/671/542
f 695/648/543 694/647/543 709/670/543 710/672/543
f 688/650/544 356/673/544 703/674/544
f 582/675/545 702/646/545 717/671/545
f 696/652/546 695/648/546 710/672/546 711/676/546
f 689/653/547 688/650/547 703/674/547 704/677/547
f 697/654/548 696/652/548 711/676/548 712/678/548
f 690/655/549 689/653/549 704/677/549 705/662/549
f 698/656/550 697/654/550 712/678/550 713/664/550
f 710/672/551 709/670/551 724/679/551 725/680/551
f 703/674/552 356/681/552 718/682/552
f 582/683/553 717/671/553 732/684/553
f 711/676/554 710/672/554 725/680/554 726/685/554
f 704/677/555 703/674/555 718/682/555 719/686/555
f 712/678/556 711/676/556 726/685/556 727/687/556
f 705/662/557 704/677/557 719/686/557 720/688/557
f 713/664/558 712/678/558 727/687/558 728/689/558
f 706/663/559 705/662/559 720/688/559 721/690/559
f 714/665/560 713/664/560 728/689/560 729/691/560
f 707/666/561 706/663/561 721/690/561 722/692/561
f 715/667/562 714/665/562 729/691/562 730/693/562
f 708/668/563 707/666/563 722/692/563 723/694/563
f 716/669/564 715/667/564 730/693/564 731/695/564
f 709/670/565 708/668/565 723/694/565 724/679/565
f 717/671/566 716/669/566 731/695/566 732/684/566
f 729/691/567 728/689/567 743/696/567 744/697/567
f 722/692/568 721/690/568 736/698/568 737/699/568
f 730/693/569 729/691/569 744/697/569 745/700/569
f 723/694/570 722/692/570 737/699/570 738/701/570
f 731/695/571 730/693/571 745/700/571 746/702/571
f 724/679/572 723/694/572 738/701/572 739/703/572
f 732/684/573 731/695/573 746/702/573 747/704/573
f 725/680/574 724/679/574 739/703/574 740/705/574
f 718/682/575 356/706/575 733/707/575
f 582/708/576 732/684/576 747/704/576
f 726/685/577 725/680/577 740/705/577 741/709/577
f 719/686/578 718/682/578 733/707/578 734/710/578
f 727/687/579 726/685/579 741/709/579 742/711/579
f 720/688/580 719/686/580 734/710/580 735/712/580
f 728/689/581 727/687/581 742/711/581 743/696/581
f 721/690/582 720/688/582 735/712/582 736/698/582
f 582/713/583 747/704/583 756/169/583
f 741/709/584 740/705/584 278/141/584 279/171/584
f 734/710/585 733/707/585 748/165/585 749/174/585
f 742/711/586 741/709/586 279/171/586 752/176/586
f 735/712/587 734/710/587 749/174/587 275/178/587
f 743/696/588 742/711/588 752/176/588 280/180/588
f 736/698/589 735/712/589 275/178/589 750/182/589
f 744/697/590 743/696/590 280/180/590 753/184/590
f 737/699/591 736/698/591 750/182/591 276/186/591
f 745/700/592 744/697/592 753/184/592 754/188/592
f 738/701/593 737/699/593 276/186/593 751/190/593
f 746/702/594 745/700/594 754/188/594 755/192/594
f 739/703/595 738/701/595 751/190/595 277/194/595
f 747/704/596 746/702/596 755/192/596 756/169/596
f 740/705/597 739/703/597 277/194/597 278/141/597
f 733/707/598 356/714/598 748/165/598
f 1230/165/599 763/167/599 838/166/599
f 1064/168/600 777/170/600 1238/169/600
f 761/171/584 771/173/584 770/172/584 760/141/584
f 1231/174/585 764/175/585 763/167/585 1230/165/585
f 1234/176/586 772/177/586 771/173/586 761/171/586
f 757/178/601 765/179/601 764/175/601 1231/174/601
f 762/180/588 773/181/588 772/177/588 1234/176/588
f 1232/182/589 766/183/589 765/179/589 757/178/589
f 1235/184/590 774/185/590 773/181/590 762/180/590
f 758/186/591 767/187/591 766/183/591 1232/182/591
f 1236/188/592 775/189/592 774/185/592 1235/184/592
f 1233/190/593 768/191/593 767/187/593 758/186/593
f 1237/192/594 776/193/594 775/189/594 1236/188/594
f 759/194/595 769/195/595 768/191/595 1233/190/595
f 1238/169/602 777/170/602 776/193/602 1237/192/602
f 760/141/597 770/172/597 769/195/597 759/194/597
f 769/195/572 784/197/572 783/196/572 768/191/572
f 777/170/603 792/199/603 791/198/603 776/193/603
f 770/172/574 785/200/574 784/197/574 769/195/574
f 763/167/604 778/202/604 838/201/604
f 1064/203/576 792/199/576 777/170/576
f 771/173/605 786/204/605 785/200/605 770/172/605
f 764/175/606 779/205/606 778/202/606 763/167/606
f 772/177/579 787/206/579 786/204/579 771/173/579
f 765/179/580 780/207/580 779/205/580 764/175/580
f 773/181/607 788/208/607 787/206/607 772/177/607
f 766/183/582 781/209/582 780/207/582 765/179/582
f 774/185/567 789/210/567 788/208/567 773/181/567
f 767/187/568 782/211/568 781/209/568 766/183/568
f 775/189/569 790/212/569 789/210/569 774/185/569
f 768/191/570 783/196/570 782/211/570 767/187/570
f 776/193/608 791/198/608 790/212/608 775/189/608
f 788/208/609 803/214/609 802/213/609 787/206/609
f 781/209/610 796/216/610 795/215/610 780/207/610
f 789/210/560 804/217/560 803/214/560 788/208/560
f 782/211/561 797/218/561 796/216/561 781/209/561
f 790/212/611 805/219/611 804/217/611 789/210/611
f 783/196/563 798/220/563 797/218/563 782/211/563
f 791/198/564 806/221/564 805/219/564 790/212/564
f 784/197/565 799/222/565 798/220/565 783/196/565
f 792/199/566 807/223/566 806/221/566 791/198/566
f 785/200/551 800/224/551 799/222/551 784/197/551
f 778/202/552 793/226/552 838/225/552
f 1064/227/553 807/223/553 792/199/553
f 786/204/554 801/228/554 800/224/554 785/200/554
f 779/205/612 794/229/612 793/226/612 778/202/612
f 787/206/556 802/213/556 801/228/556 786/204/556
f 780/207/613 795/215/613 794/229/613 779/205/613
f 807/223/542 822/231/542 821/230/542 806/221/542
f 800/224/543 815/128/543 814/232/543 799/222/543
f 793/226/614 808/234/614 838/233/614
f 1064/235/545 822/231/545 807/223/545
f 801/228/546 816/236/546 815/128/546 800/224/546
f 794/229/615 809/145/615 808/234/615 793/226/615
f 802/213/548 817/127/548 816/236/548 801/228/548
f 795/215/549 810/237/549 809/145/549 794/229/549
f 803/214/550 818/238/550 817/127/550 802/213/550
f 796/216/535 811/134/535 810/237/535 795/215/535
f 804/217/616 819/157/616 818/238/616 803/214/616
f 797/218/537 812/239/537 811/134/537 796/216/537
f 805/219/538 820/240/538 819/157/538 804/217/538
f 798/220/539 813/241/539 812/239/539 797/218/539
f 806/221/540 821/230/540 820/240/540 805/219/540
f 799/222/541 814/232/541 813/241/541 798/220/541
f 819/157/529 834/243/529 833/242/529 818/238/529
f 812/239/530 827/245/530 826/244/530 811/134/530
f 820/240/617 835/246/617 834/243/617 819/157/617
f 813/241/532 828/247/532 827/245/532 812/239/532
f 821/230/618 836/248/618 835/246/618 820/240/618
f 814/232/534 829/249/534 828/247/534 813/241/534
f 822/231/619 837/250/619 836/248/619 821/230/619
f 815/128/520 830/251/520 829/249/520 814/232/520
f 808/234/521 823/253/521 838/252/521
f 1064/254/522 837/250/522 822/231/522
f 816/236/523 831/255/523 830/251/523 815/128/523
f 809/145/524 824/256/524 823/253/524 808/234/524
f 817/127/620 832/257/620 831/255/620 816/236/620
f 810/237/526 825/258/526 824/256/526 809/145/526
f 818/238/527 833/242/527 832/257/527 817/127/527
f 811/134/528 826/244/528 825/258/528 810/237/528
f 823/253/621 839/260/621 838/259/621
f 1064/261/514 853/262/514 837/250/514
f 831/255/515 847/264/515 846/263/515 830/251/515
f 824/256/516 840/265/516 839/260/516 823/253/516
f 832/257/517 848/266/517 847/264/517 831/255/517
f 825/258/518 841/267/518 840/265/518 824/256/518
f 833/242/503 849/268/503 848/266/503 832/257/503
f 826/244/504 842/269/504 841/267/504 825/258/504
f 834/243/505 850/270/505 849/268/505 833/242/505
f 827/245/506 843/271/506 842/269/506 826/244/506
f 835/246/622 851/272/622 850/270/622 834/243/622
f 828/247/508 844/273/508 843/271/508 827/245/508
f 836/248/509 852/274/509 851/272/509 835/246/509
f 829/249/510 845/275/510 844/273/510 828/247/510
f 837/250/623 853/262/623 852/274/623 836/248/623
f 830/251/512 846/263/512 845/275/512 829/249/512
f 843/271/499 858/277/499 857/276/499 842/269/499
f 851/272/624 866/279/624 865/278/624 850/270/624
f 844/273/625 859/280/625 858/277/625 843/271/625
f 852/274/502 867/281/502 866/279/502 851/272/502
f 845/275/487 860/282/487 859/280/487 844/273/487
f 853/262/488 868/283/488 867/281/488 852/274/488
f 846/263/489 861/284/489 860/282/489 845/275/489
f 839/260/490 854/286/490 838/285/490
f 1064/287/491 868/283/491 853/262/491
f 847/264/492 862/288/492 861/284/492 846/263/492
f 840/265/493 855/289/493 854/286/493 839/260/493
f 848/266/494 863/290/494 862/288/494 847/264/494
f 841/267/495 856/291/495 855/289/495 840/265/495
f 849/268/496 864/292/496 863/290/496 848/266/496
f 842/269/497 857/276/497 856/291/497 841/267/497
f 850/270/498 865/278/498 864/292/498 849/268/498
f 862/288/484 877/294/484 876/293/484 861/284/484
f 855/289/485 870/296/485 869/295/485 854/286/485
f 863/290/486 878/297/486 877/294/486 862/288/486
f 856/291/471 871/298/471 870/296/471 855/289/471
f 864/292/472 879/299/472 878/297/472 863/290/472
f 857/276/473 872/300/473 871/298/473 856/291/473
f 865/278/626 880/301/626 879/299/626 864/292/626
f 858/277/475 873/302/475 872/300/475 857/276/475
f 866/279/476 881/303/476 880/301/476 865/278/476
f 859/280/477 874/304/477 873/302/477 858/277/477
f 867/281/627 882/305/627 881/303/627 866/279/627
f 860/282/479 875/306/479 874/304/479 859/280/479
f 868/283/480 883/307/480 882/305/480 867/281/480
f 861/284/481 876/293/481 875/306/481 860/282/481
f 854/286/628 869/295/628 838/308/628
f 1064/309/483 883/307/483 868/283/483
f 881/303/469 896/311/469 895/310/469 880/301/469
f 874/304/470 889/313/470 888/312/470 873/302/470
f 882/305/455 897/314/455 896/311/455 881/303/455
f 875/306/456 890/315/456 889/313/456 874/304/456
f 883/307/457 898/316/457 897/314/457 882/305/457
f 876/293/458 891/317/458 890/315/458 875/306/458
f 869/295/629 884/319/629 838/318/629
f 1064/320/460 898/316/460 883/307/460
f 877/294/461 892/321/461 891/317/461 876/293/461
f 870/296/462 885/322/462 884/319/462 869/295/462
f 878/297/630 893/323/630 892/321/630 877/294/630
f 871/298/464 886/324/464 885/322/464 870/296/464
f 879/299/631 894/325/631 893/323/631 878/297/631
f 872/300/466 887/326/466 886/324/466 871/298/466
f 880/301/467 895/310/467 894/325/467 879/299/467
f 873/302/468 888/312/468 887/326/468 872/300/468
f 885/322/632 900/328/632 899/327/632 884/319/632
f 893/323/439 908/330/439 907/329/439 892/321/439
f 886/324/440 901/331/440 900/328/440 885/322/440
f 894/325/633 909/332/633 908/330/633 893/323/633
f 887/326/442 902/333/442 901/331/442 886/324/442
f 895/310/443 910/334/443 909/332/443 894/325/443
f 888/312/444 903/335/444 902/333/444 887/326/444
f 896/311/445 911/336/445 910/334/445 895/310/445
f 889/313/446 904/337/446 903/335/446 888/312/446
f 897/314/447 912/338/447 911/336/447 896/311/447
f 890/315/448 905/339/448 904/337/448 889/313/448
f 898/316/634 913/340/634 912/338/634 897/314/634
f 891/317/450 906/341/450 905/339/450 890/315/450
f 884/319/451 899/327/451 838/342/451
f 1064/343/635 913/340/635 898/316/635
f 892/321/453 907/329/453 906/341/453 891/317/453
f 904/337/424 919/345/424 918/344/424 903/335/424
f 912/338/636 927/347/636 926/346/636 911/336/636
f 905/339/426 920/348/426 919/345/426 904/337/426
f 913/340/637 928/349/637 927/347/637 912/338/637
f 906/341/428 921/350/428 920/348/428 905/339/428
f 899/327/638 914/352/638 838/351/638
f 1064/353/430 928/349/430 913/340/430
f 907/329/431 922/354/431 921/350/431 906/341/431
f 900/328/639 915/355/639 914/352/639 899/327/639
f 908/330/640 923/356/640 922/354/640 907/329/640
f 901/331/434 916/357/434 915/355/434 900/328/434
f 909/332/435 924/358/435 923/356/435 908/330/435
f 902/333/436 917/359/436 916/357/436 901/331/436
f 910/334/437 925/360/437 924/358/437 909/332/437
f 903/335/438 918/344/438 917/359/438 902/333/438
f 911/336/423 926/346/423 925/360/423 910/334/423
f 923/356/409 938/126/409 937/361/409 922/354/409
f 916/357/410 931/362/410 930/146/410 915/355/410
f 924/358/411 939/363/411 938/126/411 923/356/411
f 917/359/412 932/364/412 931/362/412 916/357/412
f 925/360/413 940/158/413 939/363/413 924/358/413
f 918/344/414 933/365/414 932/364/414 917/359/414
f 926/346/415 941/366/415 940/158/415 925/360/415
f 919/345/416 934/367/416 933/365/416 918/344/416
f 927/347/641 942/368/641 941/366/641 926/346/641
f 920/348/642 935/369/642 934/367/642 919/345/642
f 928/349/643 943/370/643 942/368/643 927/347/643
f 921/350/420 936/371/420 935/369/420 920/348/420
f 914/352/644 929/373/644 838/372/644
f 1064/374/645 943/370/645 928/349/645
f 922/354/407 937/361/407 936/371/407 921/350/407
f 915/355/408 930/146/408 929/373/408 914/352/408
f 942/368/646 957/376/646 956/375/646 941/366/646
f 935/369/395 950/378/395 949/377/395 934/367/395
f 943/370/396 958/379/396 957/376/396 942/368/396
f 936/371/397 951/380/397 950/378/397 935/369/397
f 929/373/647 944/382/647 838/381/647
f 1064/383/648 958/379/648 943/370/648
f 937/361/400 952/384/400 951/380/400 936/371/400
f 930/146/649 945/385/649 944/382/649 929/373/649
f 938/126/402 953/386/402 952/384/402 937/361/402
f 931/362/403 946/387/403 945/385/403 930/146/403
f 939/363/404 954/388/404 953/386/404 938/126/404
f 932/364/405 947/389/405 946/387/405 931/362/405
f 940/158/406 955/390/406 954/388/406 939/363/406
f 933/365/391 948/391/391 947/389/391 932/364/391
f 941/366/650 956/375/650 955/390/650 940/158/650
f 934/367/393 949/377/393 948/391/393 933/365/393
f 954/388/381 969/393/381 968/392/381 953/386/381
f 947/389/382 962/395/382 961/394/382 946/387/382
f 955/390/383 970/396/383 969/393/383 954/388/383
f 948/391/384 963/397/384 962/395/384 947/389/384
f 956/375/385 971/398/385 970/396/385 955/390/385
f 949/377/386 964/399/386 963/397/386 948/391/386
f 957/376/387 972/400/387 971/398/387 956/375/387
f 950/378/388 965/401/388 964/399/388 949/377/388
f 958/379/651 973/402/651 972/400/651 957/376/651
f 951/380/390 966/403/390 965/401/390 950/378/390
f 944/382/652 959/405/652 838/404/652
f 1064/406/653 973/402/653 958/379/653
f 952/384/377 967/407/377 966/403/377 951/380/377
f 945/385/378 960/408/378 959/405/378 944/382/378
f 953/386/379 968/392/379 967/407/379 952/384/379
f 946/387/654 961/394/654 960/408/654 945/385/654
f 973/402/365 988/410/365 987/409/365 972/400/365
f 966/403/655 981/412/655 980/411/655 965/401/655
f 959/405/656 974/414/656 838/413/656
f 1064/415/657 988/410/657 973/402/657
f 967/407/369 982/416/369 981/412/369 966/403/369
f 960/408/658 975/417/658 974/414/658 959/405/658
f 968/392/659 983/418/659 982/416/659 967/407/659
f 961/394/372 976/419/372 975/417/372 960/408/372
f 969/393/373 984/420/373 983/418/373 968/392/373
f 962/395/374 977/421/374 976/419/374 961/394/374
f 970/396/359 985/422/359 984/420/359 969/393/359
f 963/397/360 978/423/360 977/421/360 962/395/360
f 971/398/361 986/424/361 985/422/361 970/396/361
f 964/399/660 979/425/660 978/423/660 963/397/660
f 972/400/661 987/409/661 986/424/661 971/398/661
f 965/401/364 980/411/364 979/425/364 964/399/364
f 977/421/351 992/427/351 991/426/351 976/419/351
f 985/422/352 1000/429/352 999/428/352 984/420/352
f 978/423/353 993/430/353 992/427/353 977/421/353
f 986/424/354 1001/431/354 1000/429/354 985/422/354
f 979/425/355 994/432/355 993/430/355 978/423/355
f 987/409/356 1002/433/356 1001/431/356 986/424/356
f 980/411/357 995/434/357 994/432/357 979/425/357
f 988/410/358 1003/435/358 1002/433/358 987/409/358
f 981/412/343 996/436/343 995/434/343 980/411/343
f 974/414/662 989/438/662 838/437/662
f 1064/439/663 1003/435/663 988/410/663
f 982/416/346 997/440/346 996/436/346 981/412/346
f 975/417/664 990/441/664 989/438/664 974/414/664
f 983/418/348 998/442/348 997/440/348 982/416/348
f 976/419/349 991/426/349 990/441/349 975/417/349
f 984/420/350 999/428/350 998/442/350 983/418/350
f 996/436/335 1011/444/335 1010/443/335 995/434/335
f 989/438/665 1004/446/665 838/445/665
f 1064/447/666 1018/448/666 1003/435/666
f 997/440/338 1012/449/338 1011/444/338 996/436/338
f 990/441/667 1005/450/667 1004/446/667 989/438/667
f 998/442/340 1013/451/340 1012/449/340 997/440/340
f 991/426/341 1006/452/341 1005/450/341 990/441/341
f 999/428/342 1014/453/342 1013/451/342 998/442/342
f 992/427/327 1007/454/327 1006/452/327 991/426/327
f 1000/429/328 1015/455/328 1014/453/328 999/428/328
f 993/430/329 1008/456/329 1007/454/329 992/427/329
f 1001/431/330 1016/457/330 1015/455/330 1000/429/330
f 994/432/331 1009/458/331 1008/456/331 993/430/331
f 1002/433/332 1017/459/332 1016/457/332 1001/431/332
f 995/434/333 1010/443/333 1009/458/333 994/432/333
f 1003/435/334 1018/448/334 1017/459/334 1002/433/334
f 1015/455/321 1030/461/321 1029/460/321 1014/453/321
f 1008/456/322 1023/463/322 1022/462/322 1007/454/322
f 1016/457/668 1031/464/668 1030/461/668 1015/455/668
f 1009/458/669 1024/465/669 1023/463/669 1008/456/669
f 1017/459/670 1032/466/670 1031/464/670 1016/457/670
f 1010/443/326 1025/467/326 1024/465/326 1009/458/326
f 1018/448/311 1033/468/311 1032/466/311 1017/459/311
f 1011/444/671 1026/469/671 1025/467/671 1010/443/671
f 1004/446/672 1019/471/672 838/470/672
f 1064/472/673 1033/468/673 1018/448/673
f 1012/449/315 1027/473/315 1026/469/315 1011/444/315
f 1005/450/674 1020/474/674 1019/471/674 1004/446/674
f 1013/451/675 1028/475/675 1027/473/675 1012/449/675
f 1006/452/318 1021/476/318 1020/474/318 1005/450/318
f 1014/453/319 1029/460/319 1028/475/319 1013/451/319
f 1007/454/320 1022/462/320 1021/476/320 1006/452/320
f 1019/471/676 1034/478/676 838/477/676
f 1064/479/677 1048/480/677 1033/468/677
f 1027/473/307 1042/482/307 1041/481/307 1026/469/307
f 1020/474/308 1035/483/308 1034/478/308 1019/471/308
f 1028/475/309 1043/484/309 1042/482/309 1027/473/309
f 1021/476/310 1036/485/310 1035/483/310 1020/474/310
f 1029/460/295 1044/486/295 1043/484/295 1028/475/295
f 1022/462/296 1037/487/296 1036/485/296 1021/476/296
f 1030/461/297 1045/488/297 1044/486/297 1029/460/297
f 1023/463/298 1038/489/298 1037/487/298 1022/462/298
f 1031/464/299 1046/490/299 1045/488/299 1030/461/299
f 1024/465/300 1039/491/300 1038/489/300 1023/463/300
f 1032/466/301 1047/492/301 1046/490/301 1031/464/301
f 1025/467/302 1040/493/302 1039/491/302 1024/465/302
f 1033/468/303 1048/480/303 1047/492/303 1032/466/303
f 1026/469/304 1041/481/304 1040/493/304 1025/467/304
f 1038/489/292 1053/495/292 1052/494/292 1037/487/292
f 1046/490/678 1061/497/678 1060/496/678 1045/488/678
f 1039/491/294 1054/498/294 1053/495/294 1038/489/294
f 1047/492/679 1062/499/679 1061/497/679 1046/490/679
f 1040/493/280 1055/500/280 1054/498/280 1039/491/280
f 1048/480/281 1063/501/281 1062/499/281 1047/492/281
f 1041/481/282 1056/502/282 1055/500/282 1040/493/282
f 1034/478/680 1049/504/680 838/503/680
f 1064/505/284 1063/501/284 1048/480/284
f 1042/482/285 1057/506/285 1056/502/285 1041/481/285
f 1035/483/286 1050/507/286 1049/504/286 1034/478/286
f 1043/484/287 1058/508/287 1057/506/287 1042/482/287
f 1036/485/288 1051/509/288 1050/507/288 1035/483/288
f 1044/486/289 1059/510/289 1058/508/289 1043/484/289
f 1037/487/290 1052/494/290 1051/509/290 1036/485/290
f 1045/488/291 1060/496/291 1059/510/291 1044/486/291
f 1057/506/277 1073/512/277 1072/511/277 1056/502/277
f 1050/507/278 1066/514/278 1065/513/278 1049/504/278
f 1058/508/263 1074/515/263 1073/512/263 1057/506/263
f 1051/509/264 1067/516/264 1066/514/264 1050/507/264
f 1059/510/265 1075/517/265 1074/515/265 1058/508/265
f 1052/494/266 1068/518/266 1067/516/266 1051/509/266
f 1060/496/267 1076/519/267 1075/517/267 1059/510/267
f 1053/495/268 1069/520/268 1068/518/268 1052/494/268
f 1061/497/269 1077/521/269 1076/519/269 1060/496/269
f 1054/498/270 1070/522/270 1069/520/270 1053/495/270
f 1062/499/681 1078/523/681 1077/521/681 1061/497/681
f 1055/500/682 1071/524/682 1070/522/682 1054/498/682
f 1063/501/683 1079/525/683 1078/523/683 1062/499/683
f 1056/502/274 1072/511/274 1071/524/274 1055/500/274
f 1049/504/684 1065/513/684 838/526/684
f 1064/527/685 1079/525/685 1063/501/685
f 1077/521/262 1092/529/262 1091/528/262 1076/519/262
f 1070/522/247 1085/531/247 1084/530/247 1069/520/247
f 1078/523/248 1093/532/248 1092/529/248 1077/521/248
f 1071/524/249 1086/533/249 1085/531/249 1070/522/249
f 1079/525/686 1094/534/686 1093/532/686 1078/523/686
f 1072/511/251 1087/535/251 1086/533/251 1071/524/251
f 1065/513/252 1080/537/252 838/536/252
f 1064/538/253 1094/534/253 1079/525/253
f 1073/512/254 1088/539/254 1087/535/254 1072/511/254
f 1066/514/255 1081/540/255 1080/537/255 1065/513/255
f 1074/515/256 1089/541/256 1088/539/256 1073/512/256
f 1067/516/257 1082/542/257 1081/540/257 1066/514/257
f 1075/517/258 1090/543/258 1089/541/258 1074/515/258
f 1068/518/259 1083/544/259 1082/542/259 1067/516/259
f 1076/519/687 1091/528/687 1090/543/687 1075/517/687
f 1069/520/261 1084/530/261 1083/544/261 1068/518/261
f 1089/541/232 1104/546/232 1103/545/232 1088/539/232
f 1082/542/233 1097/548/233 1096/547/233 1081/540/233
f 1090/543/234 1105/549/234 1104/546/234 1089/541/234
f 1083/544/688 1098/550/688 1097/548/688 1082/542/688
f 1091/528/236 1106/551/236 1105/549/236 1090/543/236
f 1084/530/237 1099/552/237 1098/550/237 1083/544/237
f 1092/529/238 1107/553/238 1106/551/238 1091/528/238
f 1085/531/239 1100/554/239 1099/552/239 1084/530/239
f 1093/532/240 1108/555/240 1107/553/240 1092/529/240
f 1086/533/241 1101/556/241 1100/554/241 1085/531/241
f 1094/534/242 1109/557/242 1108/555/242 1093/532/242
f 1087/535/243 1102/558/243 1101/556/243 1086/533/243
f 1080/537/244 1095/560/244 838/559/244
f 1064/561/245 1109/557/245 1094/534/245
f 1088/539/246 1103/545/246 1102/558/246 1087/535/246
f 1081/540/231 1096/547/231 1095/560/231 1080/537/231
f 1108/555/217 1123/563/217 1122/562/217 1107/553/217
f 1101/556/218 1116/565/218 1115/564/218 1100/554/218
f 1109/557/219 1124/566/219 1123/563/219 1108/555/219
f 1102/558/220 1117/567/220 1116/565/220 1101/556/220
f 1095/560/689 1110/569/689 838/568/689
f 1064/570/222 1124/566/222 1109/557/222
f 1103/545/223 1118/571/223 1117/567/223 1102/558/223
f 1096/547/224 1111/572/224 1110/569/224 1095/560/224
f 1104/546/225 1119/573/225 1118/571/225 1103/545/225
f 1097/548/226 1112/574/226 1111/572/226 1096/547/226
f 1105/549/227 1120/575/227 1119/573/227 1104/546/227
f 1098/550/690 1113/576/690 1112/574/690 1097/548/690
f 1106/551/229 1121/577/229 1120/575/229 1105/549/229
f 1099/552/230 1114/578/230 1113/576/230 1098/550/230
f 1107/553/215 1122/562/215 1121/577/215 1106/551/215
f 1100/554/216 1115/564/216 1114/578/216 1099/552/216
f 1112/579/202 1127/582/202 1126/581/202 1111/580/202
f 1120/583/203 1135/586/203 1134/585/203 1119/584/203
f 1113/587/204 1128/588/204 1127/582/204 1112/579/204
f 1121/589/205 1136/590/205 1135/586/205 1120/583/205
f 1114/591/206 1129/592/206 1128/588/206 1113/587/206
f 1122/593/207 1137/594/207 1136/590/207 1121/589/207
f 1115/595/208 1130/596/208 1129/592/208 1114/591/208
f 1123/597/691 1138/598/691 1137/594/691 1122/593/691
f 1116/599/210 1131/600/210 1130/596/210 1115/595/210
f 1124/601/211 1139/602/211 1138/598/211 1123/597/211
f 1117/603/212 1132/604/212 1131/600/212 1116/599/212
f 1110/605/213 1125/607/213 838/606/213
f 1064/608/214 1139/602/214 1124/601/214
f 1118/609/199 1133/610/199 1132/604/199 1117/603/199
f 1111/580/200 1126/581/200 1125/607/200 1110/605/200
f 1119/584/201 1134/585/201 1133/610/201 1118/609/201
f 1131/600/187 1146/612/187 1145/611/187 1130/596/187
f 1139/602/188 1154/614/188 1153/613/188 1138/598/188
f 1132/604/189 1147/615/189 1146/612/189 1131/600/189
f 1125/607/190 1140/617/190 838/616/190
f 1064/618/191 1154/614/191 1139/602/191
f 1133/610/192 1148/619/192 1147/615/192 1132/604/192
f 1126/581/193 1141/620/193 1140/617/193 1125/607/193
f 1134/585/194 1149/621/194 1148/619/194 1133/610/194
f 1127/582/195 1142/622/195 1141/620/195 1126/581/195
f 1135/586/196 1150/623/196 1149/621/196 1134/585/196
f 1128/588/197 1143/624/197 1142/622/197 1127/582/197
f 1136/590/198 1151/625/198 1150/623/198 1135/586/198
f 1129/592/692 1144/626/692 1143/624/692 1128/588/692
f 1137/594/184 1152/627/184 1151/625/184 1136/590/184
f 1130/596/693 1145/611/693 1144/626/693 1129/592/693
f 1138/598/186 1153/613/186 1152/627/186 1137/594/186
f 1150/623/173 1165/629/173 1164/628/173 1149/621/173
f 1143/624/694 1158/631/694 1157/630/694 1142/622/694
f 1151/625/175 1166/632/175 1165/629/175 1150/623/175
f 1144/626/176 1159/633/176 1158/631/176 1143/624/176
f 1152/627/695 1167/634/695 1166/632/695 1151/625/695
f 1145/611/178 1160/635/178 1159/633/178 1144/626/178
f 1153/613/696 1168/636/696 1167/634/696 1152/627/696
f 1146/612/180 1161/637/180 1160/635/180 1145/611/180
f 1154/614/697 1169/638/697 1168/636/697 1153/613/697
f 1147/615/182 1162/639/182 1161/637/182 1146/612/182
f 1140/617/167 1155/641/167 838/640/167
f 1064/642/168 1169/638/168 1154/614/168
f 1148/619/169 1163/643/169 1162/639/169 1147/615/169
f 1141/620/170 1156/644/170 1155/641/170 1140/617/170
f 1149/621/171 1164/628/171 1163/643/171 1148/619/171
f 1142/622/172 1157/630/172 1156/644/172 1141/620/172
f 1169/638/698 1184/646/698 1183/645/698 1168/636/698
f 1162/639/158 1177/648/158 1176/647/158 1161/637/158
f 1155/641/699 1170/650/699 838/649/699
f 1064/651/160 1184/646/160 1169/638/160
f 1163/643/161 1178/652/161 1177/648/161 1162/639/161
f 1156/644/162 1171/653/162 1170/650/162 1155/641/162
f 1164/628/700 1179/654/700 1178/652/700 1163/643/700
f 1157/630/164 1172/655/164 1171/653/164 1156/644/164
f 1165/629/165 1180/656/165 1179/654/165 1164/628/165
f 1158/631/166 1173/657/166 1172/655/166 1157/630/166
f 1166/632/701 1181/658/701 1180/656/701 1165/629/701
f 1159/633/152 1174/659/152 1173/657/152 1158/631/152
f 1167/634/702 1182/660/702 1181/658/702 1166/632/702
f 1160/635/154 1175/661/154 1174/659/154 1159/633/154
f 1168/636/703 1183/645/703 1182/660/703 1167/634/703
f 1161/637/704 1176/647/704 1175/661/704 1160/635/704
f 1173/657/144 1188/663/144 1187/662/144 1172/655/144
f 1181/658/705 1196/665/705 1195/664/705 1180/656/705
f 1174/659/146 1189/666/146 1188/663/146 1173/657/146
f 1182/660/147 1197/667/147 1196/665/147 1181/658/147
f 1175/661/148 1190/668/148 1189/666/148 1174/659/148
f 1183/645/149 1198/669/149 1197/667/149 1182/660/149
f 1176/647/150 1191/670/150 1190/668/150 1175/661/150
f 1184/646/135 1199/671/135 1198/669/135 1183/645/135
f 1177/648/136 1192/672/136 1191/670/136 1176/647/136
f 1170/650/706 1185/674/706 838/673/706
f 1064/675/138 1199/671/138 1184/646/138
f 1178/652/139 1193/676/139 1192/672/139 1177/648/139
f 1171/653/140 1186/677/140 1185/674/140 1170/650/140
f 1179/654/141 1194/678/141 1193/676/141 1178/652/141
f 1172/655/142 1187/662/142 1186/677/142 1171/653/142
f 1180/656/143 1195/664/143 1194/678/143 1179/654/143
f 1192/672/707 1207/680/707 1206/679/707 1191/670/707
f 1185/674/708 1200/682/708 838/681/708
f 1064/683/130 1214/684/130 1199/671/130
f 1193/676/131 1208/685/131 1207/680/131 1192/672/131
f 1186/677/132 1201/686/132 1200/682/132 1185/674/132
f 1194/678/133 1209/687/133 1208/685/133 1193/676/133
f 1187/662/709 1202/688/709 1201/686/709 1186/677/709
f 1195/664/119 1210/689/119 1209/687/119 1194/678/119
f 1188/663/120 1203/690/120 1202/688/120 1187/662/120
f 1196/665/710 1211/691/710 1210/689/710 1195/664/710
f 1189/666/122 1204/692/122 1203/690/122 1188/663/122
f 1197/667/123 1212/693/123 1211/691/123 1196/665/123
f 1190/668/124 1205/694/124 1204/692/124 1189/666/124
f 1198/669/711 1213/695/711 1212/693/711 1197/667/711
f 1191/670/126 1206/679/126 1205/694/126 1190/668/126
f 1199/671/127 1214/684/127 1213/695/127 1198/669/127
f 1211/691/114 1226/697/114 1225/696/114 1210/689/114
f 1204/692/115 1219/699/115 1218/698/115 1203/690/115
f 1212/693/116 1227/700/116 1226/697/116 1211/691/116
f 1205/694/117 1220/701/117 1219/699/117 1204/692/117
f 1213/695/118 1228/702/118 1227/700/118 1212/693/118
f 1206/679/103 1221/703/103 1220/701/103 1205/694/103
f 1214/684/712 1229/704/712 1228/702/712 1213/695/712
f 1207/680/105 1222/705/105 1221/703/105 1206/679/105
f 1200/682/713 1215/707/713 838/706/713
f 1064/708/107 1229/704/107 1214/684/107
f 1208/685/108 1223/709/108 1222/705/108 1207/680/108
f 1201/686/714 1216/710/714 1215/707/714 1200/682/714
f 1209/687/110 1224/711/110 1223/709/110 1208/685/110
f 1202/688/111 1217/712/111 1216/710/111 1201/686/111
f 1210/689/112 1225/696/112 1224/711/112 1209/687/112
f 1203/690/113 1218/698/113 1217/712/113 1202/688/113
f 1064/713/715 1238/169/715 1229/704/715
f 1223/709/89 761/171/89 760/141/89 1222/705/89
f 1216/710/90 1231/174/90 1230/165/90 1215/707/90
f 1224/711/91 1234/176/91 761/171/91 1223/709/91
f 1217/712/716 757/178/716 1231/174/716 1216/710/716
f 1225/696/93 762/180/93 1234/176/93 1224/711/93
f 1218/698/94 1232/182/94 757/178/94 1217/712/94
f 1226/697/95 1235/184/95 762/180/95 1225/696/95
f 1219/699/96 758/186/96 1232/182/96 1218/698/96
f 1227/700/97 1236/188/97 1235/184/97 1226/697/97
f 1220/701/98 1233/190/98 758/186/98 1219/699/98
f 1228/702/99 1237/192/99 1236/188/99 1227/700/99
f 1221/703/100 759/194/100 1233/190/100 1220/701/100
f 1229/704/717 1238/169/717 1237/192/717 1228/702/717
f 1222/705/102 760/141/102 759/194/102 1221/703/102
f 1215/707/718 1230/165/718 838/714/718
usemtl HAIR
f 1239/155/83 1240/156/83 1242/157/83 1241/158/83
f 1241/158/719 1242/157/719 1246/128/719 1245/131/719
f 1245/131/85 1246/128/85 1244/134/85 1243/139/85
f 1243/139/720 1244/134/720 1240/159/720 1239/160/720
f 1241/161/721 1245/131/721 1243/139/721 1239/162/721
f 1246/128/722 1242/163/722 1240/164/722 1244/134/722
f 1247/155/85 1249/158/85 1250/157/85 1248/156/85
f 1249/158/719 1253/131/719 1254/128/719 1250/157/719
f 1253/131/83 1251/139/83 1252/134/83 1254/128/83
f 1251/139/720 1247/160/720 1248/159/720 1252/134/720
f 1249/161/721 1247/162/721 1251/139/721 1253/131/721
f 1254/128/722 1252/134/722 1248/164/722 1250/163/722
f 1394/715/723 1381/716/723 1257/157/723 1368/243/723
f 1420/255/724 1395/236/724 1260/128/724 1369/251/724
f 1378/717/725 1291/718/725 1258/134/725 1370/719/725
f 1448/720/726 1424/721/726 1255/159/726 1367/722/726
f 1438/723/727 1292/724/727 1255/164/727 1424/725/727
f 1450/726/728 1381/727/728 1265/728/728 1432/729/728
f 1432/729/729 1265/728/729 1264/730/729 1433/731/729
f 1433/731/730 1264/730/730 1263/732/730 1434/733/730
f 1422/734/56 1382/735/56 1272/369/56 1413/401/56
f 1382/735/731 1385/736/731 1277/339/731 1272/369/731
f 1385/736/732 1386/737/732 1279/738/732 1277/339/732
f 1386/737/733 1387/739/733 1281/275/733 1279/738/733
f 1393/740/734 1384/741/734 1273/232/734 1371/249/734
f 1371/249/735 1273/232/735 1274/742/735 1372/743/735
f 1372/743/736 1274/742/736 1275/744/736 1373/245/736
f 1411/361/737 1399/329/737 1271/745/737 1259/131/737
f 1399/329/738 1400/746/738 1270/293/738 1271/745/738
f 1400/746/739 1401/264/739 1269/263/739 1270/293/739
f 1383/747/740 1388/748/740 1268/334/740 1256/158/740
f 1388/748/741 1389/749/741 1267/750/741 1268/334/741
f 1389/749/742 1390/751/742 1266/270/742 1267/750/742
f 1296/752/743 1297/753/743 1286/754/743 1284/755/743
f 1297/753/744 1298/756/744 1288/757/744 1286/754/744
f 1377/758/745 1292/759/745 1263/760/745 1374/761/745
f 1374/761/746 1263/760/746 1264/230/746 1375/248/746
f 1375/248/747 1264/230/747 1265/240/747 1376/246/747
f 1367/762/748 1255/156/748 1292/759/748 1377/758/748
f 1280/763/749 1283/271/749 1295/764/749 1294/765/749
f 1278/766/750 1280/763/750 1294/765/750 1293/767/750
f 1434/733/751 1263/732/751 1292/724/751 1438/723/751
f 1373/245/752 1275/744/752 1291/718/752 1378/717/752
f 1334/272/753 1310/270/753 1301/157/753 1309/240/753
f 1409/264/754 1313/263/754 1304/128/754 1403/236/754
f 1339/764/755 1320/768/755 1302/134/755 1335/718/755
f 1430/769/756 1306/770/756 1299/159/756 1428/721/756
f 1446/723/55 1428/725/55 1299/164/55 1336/724/55
f 1439/771/55 1440/729/55 1309/728/55 1301/163/55
f 1440/729/55 1441/731/55 1308/730/55 1309/728/55
f 1441/731/55 1442/733/55 1307/732/55 1308/730/55
f 1415/772/56 1417/401/56 1316/369/56 1303/131/56
f 1303/131/757 1316/369/757 1321/339/757 1315/745/757
f 1315/745/758 1321/339/758 1323/738/758 1314/293/758
f 1314/293/759 1323/738/759 1325/275/759 1313/263/759
f 1313/263/760 1325/275/760 1317/232/760 1304/128/760
f 1325/275/761 1326/773/761 1318/742/761 1317/232/761
f 1326/773/762 1327/271/762 1319/744/762 1318/742/762
f 1415/361/754 1303/131/754 1315/745/754 1407/329/754
f 1407/329/754 1315/745/754 1314/293/754 1408/746/754
f 1408/746/754 1314/293/754 1313/263/754 1409/264/754
f 1305/774/763 1300/158/763 1312/334/763 1329/775/763
f 1329/775/764 1312/334/764 1311/750/764 1331/303/764
f 1331/303/765 1311/750/765 1310/270/765 1334/272/765
f 1340/752/766 1328/755/766 1330/754/766 1341/753/766
f 1341/753/767 1330/754/767 1332/757/767 1342/756/767
f 1342/756/768 1332/757/768 1307/760/768 1336/759/768
f 1332/757/769 1333/274/769 1308/230/769 1307/760/769
f 1333/274/770 1334/272/770 1309/240/770 1308/230/770
f 1306/776/771 1342/756/771 1336/759/771 1299/156/771
f 1324/763/772 1338/765/772 1339/764/772 1327/271/772
f 1322/766/773 1337/767/773 1338/765/773 1324/763/773
f 1442/733/55 1446/723/55 1336/724/55 1307/732/55
f 1327/271/774 1339/764/774 1335/718/774 1319/744/774
f 1413/401/56 1272/369/56 1316/369/56 1417/401/56
f 1426/769/775 1262/770/775 1306/770/775 1430/769/775
f 1295/764/776 1276/768/776 1320/768/776 1339/764/776
f 1281/275/777 1282/773/777 1326/773/777 1325/275/777
f 1282/773/778 1283/271/778 1327/271/778 1326/773/778
f 1272/369/779 1277/339/779 1321/339/779 1316/369/779
f 1277/339/780 1279/738/780 1323/738/780 1321/339/780
f 1280/763/781 1278/766/781 1322/766/781 1324/763/781
f 1279/738/782 1281/275/782 1325/275/782 1323/738/782
f 1283/271/783 1280/763/783 1324/763/783 1327/271/783
f 1296/752/56 1284/755/56 1328/755/56 1340/752/56
f 1288/757/784 1289/274/784 1333/274/784 1332/757/784
f 1289/274/785 1290/272/785 1334/272/785 1333/274/785
f 1285/775/786 1261/774/786 1305/774/786 1329/775/786
f 1284/755/787 1286/754/787 1330/754/787 1328/755/787
f 1287/303/788 1285/775/788 1329/775/788 1331/303/788
f 1286/754/789 1288/757/789 1332/757/789 1330/754/789
f 1290/272/790 1287/303/790 1331/303/790 1334/272/790
f 1278/766/56 1293/767/56 1337/767/56 1322/766/56
f 1262/776/791 1298/756/791 1342/756/791 1306/776/791
f 1298/756/792 1297/753/792 1341/753/792 1342/756/792
f 1297/753/793 1296/752/793 1340/752/793 1341/753/793
f 1294/765/794 1295/764/794 1339/764/794 1338/765/794
f 1293/767/795 1294/765/795 1338/765/795 1337/767/795
f 1414/267/796 1350/265/796 1362/265/796 1418/267/796
f 1425/777/56 1349/778/56 1361/778/56 1429/777/56
f 1406/211/55 1410/779/55 1366/780/55 1360/186/55
f 1444/781/754 1364/782/754 1365/266/754 1445/783/754
f 1443/784/754 1363/330/754 1364/782/754 1444/781/754
f 1427/785/754 1355/126/754 1363/330/754 1443/784/754
f 1427/786/56 1429/777/56 1361/778/56 1355/136/56
f 1405/196/55 1406/211/55 1360/186/55 1359/787/55
f 1404/197/55 1405/196/55 1359/787/55 1358/194/55
f 1403/200/55 1404/197/55 1358/194/55 1356/141/55
f 1410/779/55 1416/788/55 1357/142/55 1366/780/55
f 1418/267/797 1362/265/797 1357/145/797 1416/237/797
f 1445/783/754 1365/266/754 1356/127/754 1439/789/754
f 1398/211/798 1348/186/798 1354/780/798 1402/779/798
f 1436/781/799 1437/783/799 1353/266/799 1352/782/799
f 1435/784/800 1436/781/800 1352/782/800 1351/330/800
f 1423/785/801 1435/784/801 1351/330/801 1343/126/801
f 1449/790/56 1391/791/56 1349/778/56 1425/777/56
f 1397/196/802 1347/787/802 1348/186/802 1398/211/802
f 1396/197/803 1346/194/803 1347/787/803 1397/196/803
f 1421/792/804 1392/793/804 1346/194/804 1396/197/804
f 1402/779/805 1354/780/805 1345/142/805 1412/788/805
f 1419/258/806 1412/237/806 1345/145/806 1379/256/806
f 1447/794/807 1431/789/807 1344/127/807 1380/257/807
f 1437/783/808 1447/794/808 1380/257/808 1353/266/808
f 1414/267/809 1419/258/809 1379/256/809 1350/265/809
f 1283/271/810 1373/245/810 1378/717/810 1295/764/810
f 1262/776/811 1367/762/811 1377/758/811 1298/756/811
f 1289/274/812 1375/248/812 1376/246/812 1290/272/812
f 1288/757/813 1374/761/813 1375/248/813 1289/274/813
f 1298/756/814 1377/758/814 1374/761/814 1288/757/814
f 1282/773/815 1372/743/815 1373/245/815 1283/271/815
f 1281/275/816 1371/249/816 1372/743/816 1282/773/816
f 1387/739/817 1393/740/817 1371/249/817 1281/275/817
f 1426/769/818 1448/720/818 1367/722/818 1262/770/818
f 1295/764/819 1378/717/819 1370/719/819 1276/768/819
f 1401/264/820 1420/255/820 1369/251/820 1269/263/820
f 1390/751/821 1394/715/821 1368/243/821 1266/270/821
f 1290/272/822 1376/246/822 1394/715/822 1390/751/822
f 1269/263/823 1369/251/823 1393/740/823 1387/739/823
f 1395/200/824 1344/141/824 1392/793/824 1421/792/824
f 1423/786/56 1343/136/56 1391/791/56 1449/790/56
f 1287/303/825 1290/272/825 1390/751/825 1389/749/825
f 1285/775/826 1287/303/826 1389/749/826 1388/748/826
f 1261/774/827 1285/775/827 1388/748/827 1383/747/827
f 1369/251/828 1260/128/828 1384/741/828 1393/740/828
f 1270/293/829 1269/263/829 1387/739/829 1386/737/829
f 1271/745/830 1270/293/830 1386/737/830 1385/736/830
f 1259/131/831 1271/745/831 1385/736/831 1382/735/831
f 1411/772/56 1259/131/56 1382/735/56 1422/734/56
f 1431/771/832 1257/163/832 1381/727/832 1450/726/832
f 1376/246/833 1265/240/833 1381/716/833 1394/715/833
f 1343/136/56 1411/772/56 1422/734/56 1391/791/56
f 1260/128/834 1395/200/834 1421/792/834 1384/741/834
f 1353/266/835 1380/257/835 1420/255/835 1401/264/835
f 1276/768/836 1370/719/836 1419/258/836 1414/267/836
f 1370/719/837 1258/134/837 1412/237/837 1419/258/837
f 1291/718/838 1402/779/838 1412/788/838 1258/134/838
f 1384/741/839 1421/792/839 1396/197/839 1273/232/839
f 1273/232/840 1396/197/840 1397/196/840 1274/742/840
f 1274/742/841 1397/196/841 1398/211/841 1275/744/841
f 1275/744/842 1398/211/842 1402/779/842 1291/718/842
f 1320/768/843 1418/267/843 1416/237/843 1302/134/843
f 1335/718/55 1302/134/55 1416/788/55 1410/779/55
f 1304/128/55 1317/232/55 1404/197/55 1403/200/55
f 1317/232/55 1318/742/55 1405/196/55 1404/197/55
f 1318/742/55 1319/744/55 1406/211/55 1405/196/55
f 1319/744/55 1335/718/55 1410/779/55 1406/211/55
f 1276/768/844 1414/267/844 1418/267/844 1320/768/844
f 1349/778/56 1413/401/56 1417/401/56 1361/778/56
f 1364/782/754 1408/746/754 1409/264/754 1365/266/754
f 1363/330/754 1407/329/754 1408/746/754 1364/782/754
f 1355/126/754 1415/361/754 1407/329/754 1363/330/754
f 1355/136/56 1361/778/56 1417/401/56 1415/772/56
f 1365/266/754 1409/264/754 1403/236/754 1356/127/754
f 1352/782/845 1353/266/845 1401/264/845 1400/746/845
f 1351/330/846 1352/782/846 1400/746/846 1399/329/846
f 1343/126/847 1351/330/847 1399/329/847 1411/361/847
f 1391/791/56 1422/734/56 1413/401/56 1349/778/56
f 1380/257/848 1344/127/848 1395/236/848 1420/255/848
f 1344/141/849 1431/771/849 1450/726/849 1392/793/849
f 1256/161/56 1423/786/56 1449/790/56 1383/795/56
f 1350/265/850 1379/256/850 1448/720/850 1426/769/850
f 1266/270/851 1368/243/851 1447/794/851 1437/783/851
f 1368/243/852 1257/157/852 1431/789/852 1447/794/852
f 1383/795/56 1449/790/56 1425/777/56 1261/796/56
f 1256/158/853 1268/334/853 1435/784/853 1423/785/853
f 1268/334/854 1267/750/854 1436/781/854 1435/784/854
f 1267/750/855 1266/270/855 1437/783/855 1436/781/855
f 1310/270/754 1445/783/754 1439/789/754 1301/157/754
f 1300/161/56 1305/796/56 1429/777/56 1427/786/56
f 1300/158/754 1427/785/754 1443/784/754 1312/334/754
f 1312/334/754 1443/784/754 1444/781/754 1311/750/754
f 1311/750/754 1444/781/754 1445/783/754 1310/270/754
f 1261/796/56 1425/777/56 1429/777/56 1305/796/56
f 1350/265/856 1426/769/856 1430/769/856 1362/265/856
f 1360/186/55 1366/780/55 1446/723/55 1442/733/55
f 1359/787/55 1360/186/55 1442/733/55 1441/731/55
f 1358/194/55 1359/787/55 1441/731/55 1440/729/55
f 1356/141/55 1358/194/55 1440/729/55 1439/771/55
f 1366/780/55 1357/142/55 1428/725/55 1446/723/55
f 1362/265/756 1430/769/756 1428/721/756 1357/145/756
f 1348/186/857 1434/733/857 1438/723/857 1354/780/857
f 1347/787/858 1433/731/858 1434/733/858 1348/186/858
f 1346/194/859 1432/729/859 1433/731/859 1347/787/859
f 1392/793/860 1450/726/860 1432/729/860 1346/194/860
f 1354/780/861 1438/723/861 1424/725/861 1345/142/861
f 1379/256/862 1345/145/862 1424/721/862 1448/720/862
o LHand
v 1.414399 1.674690 0.428271
v 1.105631 2.209493 0.182819
v 1.298006 1.607491 0.428271
v 0.952750 2.121228 0.182819
v 1.533383 1.425431 -0.195797
v 1.102610 2.214725 -0.150563
v 1.434673 1.368441 -0.195797
v 0.949730 2.126459 -0.150563
v 1.458444 1.327268 0.000000
v 0.938656 2.145641 0.000000
v 1.557154 1.384258 0.000000
v 1.091536 2.233906 0.000000
v 1.289134 1.891656 0.365089
v 1.160310 1.817280 0.365089
v 1.203365 1.739234 -0.263137
v 1.333692 1.814479 -0.256644
v 1.364383 1.832198 0.000000
v 1.206245 1.740897 0.000000
v 1.219661 2.011986 0.307658
v 1.066781 1.923720 0.307658
v 1.065271 1.926336 -0.230524
v 1.218151 2.014602 -0.230524
v 1.243305 2.041912 0.000000
v 1.073512 1.943882 0.000000
v 1.230111 1.723210 0.400834
v 1.326810 1.530887 -0.256644
v 1.454770 1.604765 -0.256644
v 1.485461 1.622485 0.000000
v 1.340191 1.538613 0.000000
v 1.347318 1.790879 0.400834
v 1.424281 1.386441 0.223936
v 1.098583 2.221699 0.117318
v 0.945703 2.133434 0.117318
v 1.439316 1.631534 0.346212
v 1.215706 1.753149 0.220098
v 1.349196 1.830219 0.220098
v 1.077036 1.937779 0.179737
v 1.234581 2.028738 0.179737
v 1.473214 1.615413 0.242157
v 1.278675 1.670914 0.300108
v 1.339423 1.538169 0.242157
v 1.322923 1.564334 0.346212
v 1.400547 1.741277 0.300108
v 1.522990 1.443431 0.223936
vn -0.2401 0.4158 0.8772
vn -0.1635 0.2832 -0.9450
vn 0.8092 0.5753 0.1191
vn -0.8438 -0.5347 0.0453
vn -0.4888 0.8466 0.2104
vn 0.4859 -0.8416 -0.2360
vn 0.4782 -0.8283 0.2918
vn -0.4947 0.8568 -0.1455
vn -0.8305 -0.5570 -0.0048
vn -0.8512 -0.5241 0.0294
vn 0.8125 0.5743 -0.1001
vn 0.8226 0.5537 0.1291
vn 0.0255 -0.0006 -0.9997
vn 0.8579 0.4953 -0.1368
vn -0.1468 0.2543 0.9559
vn -0.8204 -0.5707 0.0354
vn -0.8470 -0.5304 0.0361
vn 0.8373 0.5275 0.1437
vn -0.0465 0.1199 -0.9917
vn 0.8530 0.5017 -0.1441
vn -0.1910 0.3308 0.9242
vn -0.1002 0.1735 0.9797
vn -0.8192 -0.5721 0.0407
vn 0.1492 -0.2584 -0.9544
vn 0.8776 0.4577 0.1429
vn -0.8575 -0.5134 0.0325
vn -0.8728 -0.4881 -0.0039
vn -0.8739 -0.4750 -0.1033
vn 0.9577 0.2807 0.0640
vn 0.8608 0.5040 0.0706
vn -0.7686 -0.6361 -0.0682
vn 0.8630 0.5014 0.0610
vn -0.7855 -0.6176 -0.0397
vn -0.8253 -0.5576 -0.0894
vn 0.4274 -0.7402 0.5191
vn -0.4964 0.8598 0.1193
vn 0.7953 0.6036 0.0561
vn 0.1869 -0.3237 -0.9275
vn 0.3073 -0.5322 -0.7889
vn 0.9409 0.3246 -0.0964
vn -0.0443 0.0767 0.9961
vn 0.0521 -0.0903 0.9946
vt 0.562500 0.000000
vt 0.625000 0.000000
vt 0.625000 0.250000
vt 0.562500 0.250000
vt 0.562500 0.500000
vt 0.625000 0.500000
vt 0.625000 0.750000
vt 0.562500 0.750000
vt 0.562500 0.937500
vt 0.625000 0.937500
vt 0.625000 1.000000
vt 0.562500 1.000000
vt 0.562500 0.375000
vt 0.625000 0.375000
vt 0.812500 0.500000
vt 0.875000 0.500000
vt 0.875000 0.750000
vt 0.812500 0.750000
vt 0.250000 0.500000
vt 0.375000 0.500000
vt 0.375000 0.750000
vt 0.250000 0.750000
vt 0.187500 0.500000
vt 0.187500 0.750000
vt 0.750000 0.500000
vt 0.750000 0.750000
vt 0.562500 0.312500
vt 0.625000 0.312500
vt 0.437500 0.312500
vt 0.500000 0.312500
vt 0.500000 0.375000
vt 0.437500 0.375000
vt 0.625000 0.875000
vt 0.562500 0.875000
vt 0.437500 0.937500
vt 0.500000 0.937500
vt 0.500000 1.000000
vt 0.437500 1.000000
vt 0.437500 0.500000
vt 0.500000 0.500000
vt 0.500000 0.750000
vt 0.437500 0.750000
vt 0.500000 0.875000
vt 0.437500 0.875000
vt 0.437500 0.000000
vt 0.500000 0.000000
vt 0.500000 0.250000
vt 0.437500 0.250000
vt 0.375000 0.000000
vt 0.375000 0.250000
vt 0.375000 0.937500
vt 0.375000 1.000000
vt 0.375000 0.375000
vt 0.375000 0.312500
vt 0.375000 0.875000
s 0
usemtl SKIN
f 1469/797/863 1452/798/863 1454/799/863 1470/800/863
f 1471/801/864 1458/802/864 1456/803/864 1472/804/864
f 1488/805/865 1482/806/865 1452/807/865 1469/808/865
f 1474/809/866 1460/810/866 1458/802/866 1471/801/866
f 1483/811/867 1454/812/867 1452/813/867 1482/814/867
f 1459/815/868 1457/816/868 1455/817/868 1461/818/868
f 1481/819/869 1459/815/869 1461/818/869 1494/820/869
f 1458/802/870 1460/821/870 1462/822/870 1456/803/870
f 1487/823/871 1483/824/871 1460/810/871 1474/809/871
f 1491/825/872 1485/826/872 1468/827/872 1479/828/872
f 1472/804/873 1456/803/873 1462/829/873 1473/830/873
f 1493/831/874 1486/832/874 1463/833/874 1480/834/874
f 1476/835/875 1465/836/875 1466/837/875 1477/838/875
f 1477/838/876 1466/837/876 1467/839/876 1478/840/876
f 1480/841/877 1463/842/877 1464/843/877 1475/844/877
f 1485/826/878 1487/823/878 1474/809/878 1468/827/878
f 1479/828/879 1468/827/879 1465/836/879 1476/835/879
f 1486/832/880 1488/805/880 1469/808/880 1463/833/880
f 1465/836/881 1471/801/881 1472/804/881 1466/837/881
f 1466/837/882 1472/804/882 1473/830/882 1467/839/882
f 1463/842/883 1469/797/883 1470/800/883 1464/843/883
f 1451/845/884 1480/841/884 1475/844/884 1453/846/884
f 1468/827/885 1474/809/885 1471/801/885 1465/836/885
f 1457/816/886 1476/835/886 1477/838/886 1455/817/886
f 1484/847/887 1493/831/887 1480/834/887 1451/848/887
f 1459/849/888 1479/828/888 1476/835/888 1457/816/888
f 1481/850/889 1491/825/889 1479/828/889 1459/849/889
f 1453/846/890 1475/844/890 1490/825/890 1492/850/890
f 1461/851/891 1478/840/891 1489/831/891 1494/847/891
f 1467/839/892 1473/830/892 1488/805/892 1486/832/892
f 1464/843/893 1470/800/893 1487/823/893 1485/826/893
f 1478/840/894 1467/839/894 1486/832/894 1489/831/894
f 1475/844/895 1464/843/895 1485/826/895 1490/825/895
f 1470/800/896 1454/799/896 1483/824/896 1487/823/896
f 1453/846/897 1492/850/897 1484/820/897 1451/848/897
f 1460/821/898 1483/811/898 1482/814/898 1462/822/898
f 1473/830/899 1462/829/899 1482/806/899 1488/805/899
f 1484/820/900 1492/850/900 1490/825/900 1493/831/900
f 1493/831/901 1490/825/901 1485/826/901 1486/832/901
f 1455/817/902 1477/838/902 1478/840/902 1461/851/902
f 1491/825/903 1489/831/903 1486/832/903 1485/826/903
f 1481/819/904 1494/820/904 1489/831/904 1491/825/904
o RHand
v -1.414399 1.674690 0.428270
v -1.105630 2.209493 0.182819
v -1.298006 1.607491 0.428270
v -0.952750 2.121228 0.182819
v -1.533383 1.425431 -0.195797
v -1.102610 2.214725 -0.150563
v -1.434673 1.368441 -0.195797
v -0.949730 2.126459 -0.150563
v -1.458444 1.327268 0.000000
v -0.938655 2.145641 0.000000
v -1.557154 1.384259 0.000000
v -1.091536 2.233906 0.000000
v -1.289133 1.891657 0.365089
v -1.160309 1.817280 0.365089
v -1.203364 1.739234 -0.263137
v -1.333692 1.814479 -0.256644
v -1.364383 1.832199 0.000000
v -1.206245 1.740898 0.000000
v -1.219661 2.011986 0.307658
v -1.066781 1.923721 0.307658
v -1.065271 1.926336 -0.230524
v -1.218151 2.014602 -0.230524
v -1.243305 2.041912 0.000000
v -1.073512 1.943882 0.000000
v -1.230111 1.723210 0.400834
v -1.326810 1.530888 -0.256644
v -1.454770 1.604765 -0.256644
v -1.485461 1.622485 0.000000
v -1.340191 1.538613 0.000000
v -1.347318 1.790879 0.400834
v -1.424281 1.386441 0.223936
v -1.098583 2.221700 0.117318
v -0.945703 2.133434 0.117318
v -1.439315 1.631534 0.346212
v -1.215706 1.753149 0.220098
v -1.349195 1.830220 0.220098
v -1.077036 1.937779 0.179737
v -1.234581 2.028738 0.179737
v -1.473214 1.615414 0.242157
v -1.278675 1.670914 0.300108
v -1.339423 1.538170 0.242157
v -1.322923 1.564335 0.346212
v -1.400547 1.741277 0.300108
v -1.522990 1.443431 0.223936
vn 0.2401 0.4158 0.8772
vn 0.1635 0.2832 -0.9450
vn -0.8092 0.5753 0.1191
vn 0.8438 -0.5347 0.0453
vn 0.4888 0.8466 0.2104
vn -0.4859 -0.8416 -0.2360
vn -0.4782 -0.8283 0.2918
vn 0.4947 0.8568 -0.1455
vn 0.8305 -0.5570 -0.0048
vn 0.8512 -0.5241 0.0294
vn -0.8125 0.5743 -0.1001
vn -0.8226 0.5537 0.1291
vn -0.0255 -0.0006 -0.9997
vn -0.8579 0.4953 -0.1368
vn 0.1468 0.2543 0.9559
vn 0.8204 -0.5707 0.0354
vn 0.8470 -0.5304 0.0361
vn -0.8373 0.5275 0.1437
vn 0.0465 0.1199 -0.9917
vn -0.8530 0.5017 -0.1441
vn 0.1910 0.3308 0.9242
vn 0.1002 0.1735 0.9797
vn 0.8192 -0.5721 0.0407
vn -0.1492 -0.2584 -0.9544
vn -0.8776 0.4577 0.1429
vn 0.8575 -0.5134 0.0325
vn 0.8728 -0.4881 -0.0039
vn 0.8739 -0.4750 -0.1033
vn -0.9577 0.2807 0.0640
vn -0.8608 0.5040 0.0706
vn 0.7686 -0.6361 -0.0682
vn -0.8630 0.5014 0.0610
vn 0.7855 -0.6176 -0.0397
vn 0.8253 -0.5576 -0.0894
vn -0.4274 -0.7402 0.5191
vn 0.4964 0.8598 0.1193
vn -0.7953 0.6036 0.0561
vn -0.1869 -0.3237 -0.9275
vn -0.3073 -0.5322 -0.7889
vn -0.9409 0.3246 -0.0964
vn 0.0443 0.0767 0.9961
vn -0.0521 -0.0903 0.9946
vt 0.562500 0.000000
vt 0.562500 0.250000
vt 0.625000 0.250000
vt 0.625000 0.000000
vt 0.562500 0.500000
vt 0.562500 0.750000
vt 0.625000 0.750000
vt 0.625000 0.500000
vt 0.562500 0.937500
vt 0.562500 1.000000
vt 0.625000 1.000000
vt 0.625000 0.937500
vt 0.562500 0.375000
vt 0.625000 0.375000
vt 0.812500 0.500000
vt 0.812500 0.750000
vt 0.875000 0.750000
vt 0.875000 0.500000
vt 0.250000 0.500000
vt 0.250000 0.750000
vt 0.375000 0.750000
vt 0.375000 0.500000
vt 0.187500 0.500000
vt 0.187500 0.750000
vt 0.750000 0.750000
vt 0.750000 0.500000
vt 0.562500 0.312500
vt 0.625000 0.312500
vt 0.437500 0.312500
vt 0.437500 0.375000
vt 0.500000 0.375000
vt 0.500000 0.312500
vt 0.562500 0.875000
vt 0.625000 0.875000
vt 0.437500 0.937500
vt 0.437500 1.000000
vt 0.500000 1.000000
vt 0.500000 0.937500
vt 0.437500 0.500000
vt 0.437500 0.750000
vt 0.500000 0.750000
vt 0.500000 0.500000
vt 0.437500 0.875000
vt 0.500000 0.875000
vt 0.437500 0.000000
vt 0.437500 0.250000
vt 0.500000 0.250000
vt 0.500000 0.000000
vt 0.375000 0.000000
vt 0.375000 0.250000
vt 0.375000 0.937500
vt 0.375000 1.000000
vt 0.375000 0.375000
vt 0.375000 0.312500
vt 0.375000 0.875000
s 0
usemtl SKIN
f 1513/852/905 1514/853/905 1498/854/905 1496/855/905
f 1515/856/906 1516/857/906 1500/858/906 1502/859/906
f 1532/860/907 1513/861/907 1496/862/907 1526/863/907
f 1518/864/908 1515/856/908 1502/859/908 1504/865/908
f 1527/866/909 1526/867/909 1496/868/909 1498/869/909
f 1503/870/910 1505/871/910 1499/872/910 1501/873/910
f 1525/874/911 1538/875/911 1505/871/911 1503/870/911
f 1502/859/912 1500/858/912 1506/876/912 1504/877/912
f 1531/878/913 1518/864/913 1504/865/913 1527/879/913
f 1535/880/914 1523/881/914 1512/882/914 1529/883/914
f 1516/857/915 1517/884/915 1506/885/915 1500/858/915
f 1537/886/916 1524/887/916 1507/888/916 1530/889/916
f 1520/890/917 1521/891/917 1510/892/917 1509/893/917
f 1521/891/918 1522/894/918 1511/895/918 1510/892/918
f 1524/896/919 1519/897/919 1508/898/919 1507/899/919
f 1529/883/920 1512/882/920 1518/864/920 1531/878/920
f 1523/881/921 1520/890/921 1509/893/921 1512/882/921
f 1530/889/922 1507/888/922 1513/861/922 1532/860/922
f 1509/893/923 1510/892/923 1516/857/923 1515/856/923
f 1510/892/924 1511/895/924 1517/884/924 1516/857/924
f 1507/899/925 1508/898/925 1514/853/925 1513/852/925
f 1495/900/926 1497/901/926 1519/897/926 1524/896/926
f 1512/882/927 1509/893/927 1515/856/927 1518/864/927
f 1501/873/928 1499/872/928 1521/891/928 1520/890/928
f 1528/902/929 1495/903/929 1524/887/929 1537/886/929
f 1503/904/930 1501/873/930 1520/890/930 1523/881/930
f 1525/905/931 1503/904/931 1523/881/931 1535/880/931
f 1497/901/932 1536/905/932 1534/880/932 1519/897/932
f 1505/906/933 1538/902/933 1533/886/933 1522/894/933
f 1511/895/934 1530/889/934 1532/860/934 1517/884/934
f 1508/898/935 1529/883/935 1531/878/935 1514/853/935
f 1522/894/936 1533/886/936 1530/889/936 1511/895/936
f 1519/897/937 1534/880/937 1529/883/937 1508/898/937
f 1514/853/938 1531/878/938 1527/879/938 1498/854/938
f 1497/901/939 1495/903/939 1528/875/939 1536/905/939
f 1504/877/940 1506/876/940 1526/867/940 1527/866/940
f 1517/884/941 1532/860/941 1526/863/941 1506/885/941
f 1528/875/942 1537/886/942 1534/880/942 1536/905/942
f 1537/886/943 1530/889/943 1529/883/943 1534/880/943
f 1499/872/944 1505/906/944 1522/894/944 1521/891/944
f 1535/880/945 1529/883/945 1530/889/945 1533/886/945
f 1525/874/946 1535/880/946 1533/886/946 1538/875/946
o LFoot
v 0.346480 0.101985 0.662937
v 0.355603 0.165135 0.607537
v 0.312201 0.101985 -0.174779
v 0.352167 0.401205 -0.165158
v 0.769967 0.101985 0.662937
v 0.760844 0.165135 0.607537
v 0.804246 0.101985 -0.174779
v 0.764280 0.401205 -0.165158
v 0.558223 0.101985 -0.317577
v 0.558223 0.401205 -0.296360
v 0.558223 0.101985 0.750903
v 0.558223 0.165135 0.711873
v 0.285457 0.101985 0.216663
v 0.352167 0.401205 0.097246
v 0.878664 0.101985 0.216663
v 0.764280 0.401205 0.097246
v 0.558223 0.401205 0.228448
v 0.261620 0.101985 0.439800
v 0.850786 0.221370 0.417997
v 0.558223 0.221370 0.461980
v 0.265660 0.221370 0.417997
v 0.878664 0.101985 0.439800
v 0.346480 0.101985 0.662937
v 0.312201 0.101985 -0.174779
v 0.769967 0.101985 0.662937
v 0.804246 0.101985 -0.174779
v 0.558223 0.101985 -0.317577
v 0.558223 0.101985 0.750903
v 0.285457 0.101985 0.216663
v 0.878664 0.101985 0.216663
v 0.261620 0.101985 0.439800
v 0.878664 0.101985 0.439800
v 0.346480 -0.000246 0.662937
v 0.312201 -0.000246 -0.174779
v 0.769967 -0.000246 0.662937
v 0.804246 -0.000246 -0.174779
v 0.558223 -0.000246 -0.317577
v 0.558223 -0.000246 0.750903
v 0.285457 -0.000246 0.216663
v 0.878664 -0.000246 0.216663
v 0.558223 -0.000246 0.216663
v 0.261620 -0.000246 0.439800
v 0.558223 -0.000246 0.483783
v 0.878664 -0.000246 0.439800
v 0.452679 0.101985 0.707045
v 0.446485 0.136546 0.703499
v 0.463556 0.101985 0.680397
v 0.456727 0.136546 0.677067
v 0.512355 0.101985 0.731848
v 0.506160 0.136546 0.728782
v 0.523231 0.101985 0.705679
v 0.516403 0.136546 0.701870
v 0.448935 0.167038 0.683261
v 0.456977 0.167038 0.655914
v 0.508610 0.167038 0.708543
v 0.516652 0.167038 0.680717
v 0.452654 0.194031 0.660861
v 0.457305 0.170155 0.646274
v 0.512870 0.193685 0.684824
v 0.517433 0.169438 0.669946
v 0.465069 0.203101 0.616159
v 0.466360 0.175403 0.610310
v 0.526645 0.202161 0.636354
v 0.527782 0.174034 0.630356
v 0.712384 0.252705 0.460882
v 0.715533 0.226467 0.450648
v 0.760015 0.242250 0.503571
v 0.763077 0.215632 0.493057
v 0.571808 0.214625 0.600447
v 0.509965 0.216841 0.562250
v 0.511880 0.189142 0.556728
v 0.573589 0.186497 0.594763
v 0.328196 0.268684 0.411304
v 0.329487 0.240986 0.405455
v 0.390793 0.278899 0.378005
v 0.392708 0.251200 0.372483
v 0.288107 0.272822 0.367964
v 0.297922 0.249428 0.355336
v 0.330775 0.313177 0.326944
v 0.341232 0.289996 0.314507
v 0.825593 0.271554 0.375494
v 0.817853 0.245728 0.366763
v 0.846421 0.246813 0.431658
v 0.838502 0.220654 0.422632
v 0.859233 0.229348 0.324379
v 0.832628 0.220031 0.327285
v 0.874285 0.205976 0.382924
v 0.847222 0.196581 0.385709
v 0.878664 0.101985 0.220466
v 0.850905 0.097058 0.223330
v 0.878664 0.101985 0.283977
v 0.856735 0.101536 0.287535
v 0.273189 0.236907 0.289806
v 0.298582 0.235991 0.299069
v 0.279597 0.261683 0.222898
v 0.304988 0.261451 0.231993
v 0.382839 0.208195 0.501613
v 0.443651 0.220172 0.461013
v 0.441736 0.247870 0.466536
v 0.381548 0.235893 0.507462
v 0.285808 0.101985 0.172262
v 0.314086 0.101307 0.173988
v 0.293250 0.101985 0.102594
v 0.321527 0.101900 0.103942
v 0.284488 0.254897 0.328711
v 0.309346 0.287910 0.274759
v 0.265473 0.267052 0.333789
v 0.290011 0.299617 0.279825
v 0.659947 0.228437 0.549530
v 0.605064 0.207804 0.500096
v 0.602532 0.234773 0.507974
v 0.662369 0.201065 0.541431
vn -0.9849 0.1682 -0.0403
vn 0.5167 0.0784 -0.8526
vn 0.8227 0.3547 0.4443
vn -0.3435 0.5782 0.7401
vn -0.0785 0.9618 0.2622
vn 0.0785 0.9618 0.2622
vn 0.3435 0.5782 0.7401
vn -0.5167 0.0784 -0.8526
vn -0.0000 1.0000 -0.0000
vn 0.9671 0.2292 -0.1101
vn -0.9805 0.1110 -0.1622
vn -0.8830 0.2354 0.4061
vn 0.1810 0.8377 0.5153
vn -0.1810 0.8377 0.5153
vn 0.9506 0.3062 -0.0500
vn 0.3836 -0.0000 0.9235
vn -0.9977 -0.0000 -0.0682
vn 0.8990 -0.0000 0.4379
vn 0.5020 -0.0000 -0.8649
vn 1.0000 -0.0000 -0.0000
vn -0.9943 -0.0000 -0.1062
vn -0.0000 -1.0000 -0.0000
vn -0.9347 -0.0000 0.3555
vn 0.9824 -0.0000 -0.1868
vn -0.3836 -0.0000 0.9235
vn -0.5020 -0.0000 -0.8649
vn -0.9090 -0.2072 -0.3617
vn 0.3869 -0.0188 -0.9219
vn 0.9090 0.2072 0.3617
vn -0.3869 0.0188 0.9219
vn -0.9324 -0.1739 -0.3170
vn 0.0973 -0.9621 -0.2548
vn -0.3282 0.5405 0.7747
vn 0.3227 -0.5413 -0.7764
vn 0.9346 0.1705 0.3122
vn 0.9645 -0.0003 0.2642
vn 0.9683 0.1023 0.2277
vn -0.9670 -0.1130 -0.2283
vn -0.2876 0.6486 0.7047
vn -0.0393 0.9694 0.2422
vn -0.9659 -0.0088 -0.2587
vn -0.0515 0.9840 0.1708
vn 0.0270 -0.9921 -0.1223
vn 0.6366 -0.3186 0.7023
vn 0.0368 -0.9677 -0.2492
vn 0.4405 -0.2523 0.8616
vn -0.4232 0.2512 -0.8705
vn -0.0185 -0.9482 -0.3172
vn 0.6341 -0.1255 0.7630
vn 0.0696 -0.9741 -0.2149
vn -0.0744 0.9749 0.2099
vn 0.7621 0.3723 -0.5298
vn 0.0199 0.9484 0.3165
vn -0.8852 -0.1353 0.4450
vn 0.8788 0.1510 -0.4527
vn 0.9739 -0.1087 0.1991
vn -0.0973 0.8815 0.4620
vn 0.1000 -0.8812 -0.4620
vn -0.7632 -0.3600 0.5367
vn -0.4676 0.5691 -0.6764
vn -0.6199 0.3162 -0.7181
vn 0.1011 0.9573 0.2708
vn -0.1077 -0.9556 -0.2744
vn 0.9803 0.1772 -0.0870
vn 0.8029 0.5961 -0.0011
vn -0.8665 -0.4960 0.0566
vn 0.4811 -0.5875 0.6507
vn 0.1113 -0.9933 0.0297
vn -0.9635 -0.2375 0.1237
vn 0.2267 -0.6773 0.6999
vn -0.2381 0.5990 -0.7645
vn 0.1540 0.6157 -0.7728
vn -0.2897 -0.8339 0.4697
vn 0.2612 0.7927 -0.5508
vn -0.9623 0.2368 -0.1340
vn 0.8276 0.1642 -0.5367
vn -0.8054 -0.1582 0.5712
vn 0.0213 0.9587 0.2835
vn -0.0201 -0.9585 -0.2844
vn -0.0132 -0.9999 -0.0056
vn -0.9948 -0.0063 -0.1020
vn 0.9944 0.0188 0.1040
vn -0.1681 -0.6690 0.7240
vn -0.5446 0.8056 0.2332
vn 0.4912 0.6877 -0.5347
vn -0.6215 -0.6894 0.3721
vn 0.4325 -0.8359 -0.3379
vn -0.5292 0.1612 -0.8331
vn 0.5203 -0.1685 0.8372
vn 0.0570 -0.9779 -0.2011
vn -0.0593 0.9793 0.1937
vt 0.375000 0.125000
vt 0.625000 0.125000
vt 0.625000 0.250000
vt 0.375000 0.250000
vt 0.375000 0.375000
vt 0.625000 0.375000
vt 0.625000 0.500000
vt 0.375000 0.500000
vt 0.375000 0.687500
vt 0.625000 0.687500
vt 0.625000 0.750000
vt 0.375000 0.750000
vt 0.375000 0.875000
vt 0.625000 0.875000
vt 0.625000 1.000000
vt 0.375000 1.000000
vt 0.750000 0.687500
vt 0.875000 0.687500
vt 0.875000 0.750000
vt 0.750000 0.750000
vt 0.750000 0.500000
vt 0.750000 0.625000
vt 0.625000 0.625000
vt 0.875000 0.500000
vt 0.875000 0.625000
vt 0.375000 0.625000
vt 0.375000 0.062500
vt 0.625000 0.062500
vt 0.375000 0.000000
vt 0.625000 0.000000
vt 0.250000 0.687500
vt 0.250000 0.750000
vt 0.125000 0.687500
vt 0.125000 0.750000
vt 0.125000 0.500000
vt 0.250000 0.500000
vt 0.250000 0.625000
vt 0.125000 0.625000
s 0
usemtl SKIN
f 1551/907/947 1552/908/947 1542/909/947 1541/910/947
f 1547/911/948 1548/912/948 1546/913/948 1545/914/948
f 1560/915/949 1557/916/949 1544/917/949 1543/918/949
f 1549/919/950 1550/920/950 1540/921/950 1539/922/950
f 1558/923/951 1559/924/951 1540/925/951 1550/926/951
f 1557/916/952 1558/923/952 1550/926/952 1544/917/952
f 1543/918/953 1544/917/953 1550/920/953 1549/919/953
f 1541/910/954 1542/909/954 1548/912/954 1547/911/954
f 1546/913/955 1548/927/955 1555/928/955 1554/929/955
f 1548/927/955 1542/930/955 1552/931/955 1555/928/955
f 1545/914/956 1546/913/956 1554/929/956 1553/932/956
f 1556/933/957 1559/934/957 1552/908/957 1551/907/957
f 1539/935/958 1540/936/958 1559/934/958 1556/933/958
f 1554/929/959 1555/928/959 1558/923/959 1557/916/959
f 1555/928/960 1552/931/960 1559/924/960 1558/923/960
f 1553/932/961 1554/929/961 1557/916/961 1560/915/961
usemtl SLIPPERS
f 1563/918/962 1566/919/962 1576/919/962 1573/918/962
f 1567/907/963 1562/910/963 1572/910/963 1577/907/963
f 1570/915/964 1563/918/964 1573/918/964 1582/915/964
f 1565/911/965 1564/914/965 1574/914/965 1575/911/965
f 1568/932/966 1570/915/966 1582/915/966 1578/932/966
f 1569/933/967 1567/907/967 1577/907/967 1580/933/967
f 1581/937/968 1582/915/968 1573/918/968 1576/938/968
f 1580/939/968 1581/937/968 1576/938/968 1571/940/968
f 1572/941/968 1575/942/968 1579/943/968 1577/944/968
f 1575/942/968 1574/914/968 1578/932/968 1579/943/968
f 1577/944/968 1579/943/968 1581/937/968 1580/939/968
f 1579/943/968 1578/932/968 1582/915/968 1581/937/968
f 1561/935/969 1569/933/969 1580/933/969 1571/935/969
f 1564/914/970 1568/932/970 1578/932/970 1574/914/970
f 1566/919/971 1561/922/971 1571/922/971 1576/919/971
f 1562/910/972 1565/911/972 1575/911/972 1572/910/972
f 1569/933/955 1561/922/955 1566/919/955 1563/918/955 1570/915/955 1568/932/955 1564/914/955 1565/911/955 1562/910/955 1567/907/955
f 1583/935/973 1584/936/973 1586/909/973 1585/910/973
f 1585/910/974 1586/909/974 1590/913/974 1589/914/974
f 1589/914/975 1590/913/975 1588/917/975 1587/918/975
f 1587/918/976 1588/917/976 1584/921/976 1583/922/976
f 1585/941/968 1589/914/968 1587/918/968 1583/940/968
f 1586/909/977 1584/936/977 1591/936/977 1592/909/977
f 1594/913/978 1592/909/978 1596/909/978 1598/913/978
f 1584/921/979 1588/917/979 1593/917/979 1591/921/979
f 1590/913/980 1586/909/980 1592/909/980 1594/913/980
f 1588/917/981 1590/913/981 1594/913/981 1593/917/981
f 1597/917/982 1598/913/982 1602/913/982 1601/917/982
f 1593/917/983 1594/913/983 1598/913/983 1597/917/983
f 1592/909/984 1591/936/984 1595/936/984 1596/909/984
f 1591/921/985 1593/917/985 1597/917/985 1595/921/985
f 1649/921/986 1647/917/986 1605/917/986 1603/921/986
f 1596/909/987 1595/936/987 1599/936/987 1600/909/987
f 1595/921/988 1597/917/988 1601/917/988 1599/921/988
f 1598/913/989 1596/909/989 1600/909/989 1602/913/989
f 1605/917/990 1606/913/990 1622/913/990 1621/917/990
f 1650/913/991 1648/909/991 1604/909/991 1606/913/991
f 1647/917/992 1650/913/992 1606/913/992 1605/917/992
f 1648/909/993 1649/936/993 1603/936/993 1604/909/993
f 1636/909/994 1635/909/994 1612/909/994 1614/909/994
f 1601/917/995 1602/913/995 1610/913/995 1607/917/995
f 1602/913/996 1600/909/996 1609/909/996 1610/913/996
f 1599/921/997 1601/917/997 1607/917/997 1608/921/997
f 1613/936/998 1614/909/998 1618/909/998 1617/936/998
f 1638/921/999 1637/921/999 1613/921/999 1611/921/999
f 1635/909/1000 1638/936/1000 1611/936/1000 1612/909/1000
f 1637/936/1001 1636/909/1001 1614/909/1001 1613/936/1001
f 1644/909/1002 1643/909/1002 1632/909/1002 1634/909/1002
f 1611/921/1003 1613/921/1003 1617/921/1003 1615/921/1003
f 1614/909/1004 1612/909/1004 1616/909/1004 1618/909/1004
f 1612/909/1005 1611/936/1005 1615/936/1005 1616/909/1005
f 1620/909/1006 1619/936/1006 1623/936/1006 1624/909/1006
f 1604/909/1007 1603/936/1007 1619/936/1007 1620/909/1007
f 1603/921/1008 1605/917/1008 1621/917/1008 1619/921/1008
f 1606/913/1009 1604/909/1009 1620/909/1009 1622/913/1009
f 1623/921/1010 1625/917/1010 1629/917/1010 1627/921/1010
f 1619/921/1011 1621/917/1011 1625/917/1011 1623/921/1011
f 1622/913/1012 1620/909/1012 1624/909/1012 1626/913/1012
f 1621/917/1013 1622/913/1013 1626/913/1013 1625/917/1013
f 1630/913/1014 1628/930/1014 1627/925/1014 1629/917/1014
f 1626/913/1015 1624/909/1015 1628/909/1015 1630/913/1015
f 1625/917/1016 1626/913/1016 1630/913/1016 1629/917/1016
f 1624/909/1017 1623/936/1017 1627/936/1017 1628/909/1017
f 1633/936/1018 1634/909/1018 1642/909/1018 1641/936/1018
f 1643/909/1019 1645/936/1019 1631/936/1019 1632/909/1019
f 1646/936/1020 1644/909/1020 1634/909/1020 1633/936/1020
f 1645/921/1021 1646/921/1021 1633/921/1021 1631/921/1021
f 1608/936/1022 1609/909/1022 1636/909/1022 1637/936/1022
f 1600/909/1023 1599/936/1023 1638/936/1023 1635/909/1023
f 1599/921/1024 1608/921/1024 1637/921/1024 1638/921/1024
f 1609/909/1025 1600/909/1025 1635/909/1025 1636/909/1025
f 1640/909/1026 1639/936/1026 1641/936/1026 1642/909/1026
f 1631/921/1027 1633/921/1027 1641/921/1027 1639/921/1027
f 1634/909/1028 1632/909/1028 1640/909/1028 1642/909/1028
f 1632/909/1029 1631/936/1029 1639/936/1029 1640/909/1029
f 1615/921/1030 1617/921/1030 1646/921/1030 1645/921/1030
f 1617/936/1031 1618/909/1031 1644/909/1031 1646/936/1031
f 1616/909/1032 1615/936/1032 1645/936/1032 1643/909/1032
f 1618/909/1033 1616/909/1033 1643/909/1033 1644/909/1033
f 1609/909/1034 1608/936/1034 1649/936/1034 1648/909/1034
f 1607/917/1035 1610/913/1035 1650/913/1035 1647/917/1035
f 1610/913/1036 1609/909/1036 1648/909/1036 1650/913/1036
f 1608/921/1037 1607/917/1037 1647/917/1037 1649/921/1037
o RFoot
v -0.346480 0.101985 0.662937
v -0.355603 0.165135 0.607538
v -0.312201 0.101985 -0.174779
v -0.352166 0.401205 -0.165158
v -0.769967 0.101985 0.662937
v -0.760844 0.165135 0.607538
v -0.804245 0.101985 -0.174779
v -0.764280 0.401205 -0.165158
v -0.558223 0.101985 -0.317577
v -0.558223 0.401205 -0.296360
v -0.558223 0.101985 0.750903
v -0.558223 0.165135 0.711873
v -0.285457 0.101985 0.216663
v -0.352166 0.401205 0.097246
v -0.878664 0.101985 0.216663
v -0.764280 0.401205 0.097246
v -0.558223 0.401205 0.228448
v -0.261620 0.101985 0.439800
v -0.850786 0.221371 0.417997
v -0.558223 0.221371 0.461980
v -0.265660 0.221371 0.417997
v -0.878664 0.101985 0.439800
v -0.346480 0.101985 0.662937
v -0.312201 0.101985 -0.174779
v -0.769967 0.101985 0.662937
v -0.804245 0.101985 -0.174779
v -0.558223 0.101985 -0.317577
v -0.558223 0.101985 0.750903
v -0.285457 0.101985 0.216663
v -0.878664 0.101985 0.216663
v -0.261620 0.101985 0.439800
v -0.878664 0.101985 0.439800
v -0.346480 -0.000246 0.662937
v -0.312201 -0.000246 -0.174779
v -0.769967 -0.000246 0.662937
v -0.804245 -0.000246 -0.174779
v -0.558223 -0.000246 -0.317577
v -0.558223 -0.000246 0.750903
v -0.285457 -0.000246 0.216663
v -0.878664 -0.000246 0.216663
v -0.558223 -0.000246 0.216663
v -0.261620 -0.000246 0.439800
v -0.558223 -0.000246 0.483783
v -0.878664 -0.000246 0.439800
v -0.452680 0.101985 0.707045
v -0.446485 0.136546 0.703499
v -0.463556 0.101985 0.680397
v -0.456727 0.136546 0.677067
v -0.512355 0.101985 0.731848
v -0.506160 0.136546 0.728782
v -0.523231 0.101985 0.705679
v -0.516403 0.136546 0.701870
v -0.448935 0.167038 0.683261
v -0.456977 0.167038 0.655914
v -0.508610 0.167038 0.708543
v -0.516652 0.167038 0.680717
v -0.452654 0.194031 0.660861
v -0.457304 0.170156 0.646274
v -0.512870 0.193685 0.684824
v -0.517433 0.169438 0.669946
v -0.465069 0.203102 0.616159
v -0.466360 0.175403 0.610310
v -0.526645 0.202162 0.636354
v -0.527782 0.174034 0.630356
v -0.712384 0.252705 0.460882
v -0.715533 0.226467 0.450648
v -0.760015 0.242250 0.503571
v -0.763077 0.215632 0.493057
v -0.571807 0.214625 0.600447
v -0.509965 0.216841 0.562250
v -0.511880 0.189143 0.556728
v -0.573589 0.186497 0.594763
v -0.328196 0.268684 0.411304
v -0.329487 0.240986 0.405455
v -0.390793 0.278899 0.378005
v -0.392708 0.251201 0.372483
v -0.288107 0.272823 0.367964
v -0.297922 0.249428 0.355336
v -0.330775 0.313177 0.326944
v -0.341232 0.289996 0.314507
v -0.825592 0.271554 0.375493
v -0.817853 0.245728 0.366763
v -0.846421 0.246813 0.431658
v -0.838502 0.220654 0.422632
v -0.859233 0.229348 0.324379
v -0.832628 0.220031 0.327285
v -0.874285 0.205976 0.382924
v -0.847222 0.196581 0.385709
v -0.878664 0.101985 0.220466
v -0.850905 0.097058 0.223330
v -0.878664 0.101985 0.283977
v -0.856735 0.101536 0.287535
v -0.273189 0.236907 0.289806
v -0.298582 0.235991 0.299069
v -0.279597 0.261683 0.222898
v -0.304988 0.261451 0.231993
v -0.382839 0.208195 0.501613
v -0.443651 0.220172 0.461013
v -0.441736 0.247870 0.466536
v -0.381548 0.235893 0.507462
v -0.285808 0.101985 0.172262
v -0.314086 0.101307 0.173988
v -0.293250 0.101985 0.102594
v -0.321527 0.101900 0.103942
v -0.284488 0.254897 0.328711
v -0.309346 0.287910 0.274759
v -0.265473 0.267052 0.333789
v -0.290011 0.299617 0.279825
v -0.659947 0.228437 0.549530
v -0.605063 0.207805 0.500096
v -0.602532 0.234773 0.507974
v -0.662369 0.201065 0.541431
vn 0.9849 0.1682 -0.0403
vn -0.5167 0.0784 -0.8526
vn -0.8227 0.3547 0.4443
vn 0.3435 0.5782 0.7401
vn 0.0785 0.9618 0.2622
vn -0.0785 0.9618 0.2622
vn -0.3435 0.5782 0.7401
vn 0.5167 0.0784 -0.8526
vn -0.0000 1.0000 -0.0000
vn -0.9671 0.2292 -0.1101
vn 0.9805 0.1110 -0.1622
vn 0.8830 0.2354 0.4061
vn -0.1810 0.8377 0.5153
vn 0.1810 0.8377 0.5153
vn -0.9506 0.3062 -0.0500
vn -0.3836 -0.0000 0.9235
vn 0.9977 -0.0000 -0.0682
vn -0.8990 -0.0000 0.4379
vn -0.5020 -0.0000 -0.8649
vn -1.0000 -0.0000 -0.0000
vn 0.9943 -0.0000 -0.1062
vn -0.0000 -1.0000 -0.0000
vn 0.9347 -0.0000 0.3555
vn -0.9824 -0.0000 -0.1868
vn 0.3836 -0.0000 0.9235
vn 0.5020 -0.0000 -0.8649
vn 0.9090 -0.2072 -0.3617
vn -0.3869 -0.0188 -0.9219
vn -0.9090 0.2072 0.3617
vn 0.3869 0.0188 0.9219
vn 0.9324 -0.1739 -0.3170
vn -0.0973 -0.9621 -0.2548
vn 0.3282 0.5405 0.7747
vn -0.3227 -0.5413 -0.7764
vn -0.9346 0.1705 0.3122
vn -0.9645 -0.0003 0.2642
vn -0.9683 0.1023 0.2277
vn 0.9670 -0.1130 -0.2283
vn 0.2876 0.6486 0.7047
vn 0.0393 0.9694 0.2422
vn 0.9659 -0.0088 -0.2587
vn 0.0515 0.9840 0.1708
vn -0.0270 -0.9921 -0.1223
vn -0.6366 -0.3186 0.7023
vn -0.0368 -0.9677 -0.2492
vn -0.4405 -0.2523 0.8616
vn 0.4232 0.2512 -0.8705
vn 0.0185 -0.9482 -0.3172
vn -0.6341 -0.1255 0.7630
vn -0.0696 -0.9741 -0.2149
vn 0.0744 0.9749 0.2099
vn -0.7621 0.3723 -0.5298
vn -0.0199 0.9484 0.3165
vn 0.8852 -0.1353 0.4450
vn -0.8788 0.1510 -0.4527
vn -0.9739 -0.1087 0.1991
vn 0.0973 0.8815 0.4620
vn -0.1000 -0.8812 -0.4620
vn 0.7632 -0.3600 0.5366
vn 0.4676 0.5691 -0.6764
vn 0.6199 0.3162 -0.7181
vn -0.1011 0.9573 0.2708
vn 0.1077 -0.9556 -0.2744
vn -0.9803 0.1772 -0.0870
vn -0.8029 0.5961 -0.0011
vn 0.8665 -0.4960 0.0566
vn -0.4811 -0.5875 0.6507
vn -0.1113 -0.9933 0.0297
vn 0.9635 -0.2375 0.1237
vn -0.2267 -0.6773 0.6999
vn 0.2381 0.5990 -0.7645
vn -0.1540 0.6157 -0.7728
vn 0.2897 -0.8339 0.4697
vn -0.2612 0.7927 -0.5508
vn 0.9623 0.2368 -0.1340
vn -0.8276 0.1642 -0.5367
vn 0.8054 -0.1582 0.5712
vn -0.0213 0.9587 0.2835
vn 0.0201 -0.9585 -0.2844
vn 0.0132 -0.9999 -0.0056
vn 0.9948 -0.0063 -0.1020
vn -0.9944 0.0188 0.1040
vn 0.1681 -0.6690 0.7240
vn 0.5446 0.8056 0.2332
vn -0.4912 0.6877 -0.5347
vn 0.6215 -0.6894 0.3721
vn -0.4325 -0.8359 -0.3379
vn 0.5292 0.1612 -0.8331
vn -0.5203 -0.1685 0.8372
vn -0.0570 -0.9779 -0.2011
vn 0.0593 0.9793 0.1937
vt 0.375000 0.125000
vt 0.375000 0.250000
vt 0.625000 0.250000
vt 0.625000 0.125000
vt 0.375000 0.375000
vt 0.375000 0.500000
vt 0.625000 0.500000
vt 0.625000 0.375000
vt 0.375000 0.687500
vt 0.375000 0.750000
vt 0.625000 0.750000
vt 0.625000 0.687500
vt 0.375000 0.875000
vt 0.375000 1.000000
vt 0.625000 1.000000
vt 0.625000 0.875000
vt 0.750000 0.687500
vt 0.750000 0.750000
vt 0.875000 0.750000
vt 0.875000 0.687500
vt 0.625000 0.625000
vt 0.750000 0.625000
vt 0.750000 0.500000
vt 0.875000 0.625000
vt 0.875000 0.500000
vt 0.375000 0.625000
vt 0.375000 0.062500
vt 0.625000 0.062500
vt 0.375000 0.000000
vt 0.625000 0.000000
vt 0.250000 0.687500
vt 0.250000 0.750000
vt 0.125000 0.687500
vt 0.125000 0.750000
vt 0.125000 0.500000
vt 0.125000 0.625000
vt 0.250000 0.625000
vt 0.250000 0.500000
s 0
usemtl SKIN
f 1663/945/1038 1653/946/1038 1654/947/1038 1664/948/1038
f 1659/949/1039 1657/950/1039 1658/951/1039 1660/952/1039
f 1672/953/1040 1655/954/1040 1656/955/1040 1669/956/1040
f 1661/957/1041 1651/958/1041 1652/959/1041 1662/960/1041
f 1670/961/1042 1662/962/1042 1652/963/1042 1671/964/1042
f 1669/956/1043 1656/955/1043 1662/962/1043 1670/961/1043
f 1655/954/1044 1661/957/1044 1662/960/1044 1656/955/1044
f 1653/946/1045 1659/949/1045 1660/952/1045 1654/947/1045
f 1658/951/1046 1666/965/1046 1667/966/1046 1660/967/1046
f 1660/967/1046 1667/966/1046 1664/968/1046 1654/969/1046
f 1657/950/1047 1665/970/1047 1666/965/1047 1658/951/1047
f 1668/971/1048 1663/945/1048 1664/948/1048 1671/972/1048
f 1651/973/1049 1668/971/1049 1671/972/1049 1652/974/1049
f 1666/965/1050 1669/956/1050 1670/961/1050 1667/966/1050
f 1667/966/1051 1670/961/1051 1671/964/1051 1664/968/1051
f 1665/970/1052 1672/953/1052 1669/956/1052 1666/965/1052
usemtl SLIPPERS
f 1675/954/1053 1685/954/1053 1688/957/1053 1678/957/1053
f 1679/945/1054 1689/945/1054 1684/946/1054 1674/946/1054
f 1682/953/1055 1694/953/1055 1685/954/1055 1675/954/1055
f 1677/949/1056 1687/949/1056 1686/950/1056 1676/950/1056
f 1680/970/1057 1690/970/1057 1694/953/1057 1682/953/1057
f 1681/971/1058 1692/971/1058 1689/945/1058 1679/945/1058
f 1693/975/1059 1688/976/1059 1685/954/1059 1694/953/1059
f 1692/977/1059 1683/978/1059 1688/976/1059 1693/975/1059
f 1684/979/1059 1689/980/1059 1691/981/1059 1687/982/1059
f 1687/982/1059 1691/981/1059 1690/970/1059 1686/950/1059
f 1689/980/1059 1692/977/1059 1693/975/1059 1691/981/1059
f 1691/981/1059 1693/975/1059 1694/953/1059 1690/970/1059
f 1673/973/1060 1683/973/1060 1692/971/1060 1681/971/1060
f 1676/950/1061 1686/950/1061 1690/970/1061 1680/970/1061
f 1678/957/1062 1688/957/1062 1683/958/1062 1673/958/1062
f 1674/946/1063 1684/946/1063 1687/949/1063 1677/949/1063
f 1681/971/1046 1679/945/1046 1674/946/1046 1677/949/1046 1676/950/1046 1680/970/1046 1682/953/1046 1675/954/1046 1678/957/1046 1673/958/1046
f 1695/973/1064 1697/946/1064 1698/947/1064 1696/974/1064
f 1697/946/1065 1701/950/1065 1702/951/1065 1698/947/1065
f 1701/950/1066 1699/954/1066 1700/955/1066 1702/951/1066
f 1699/954/1067 1695/958/1067 1696/959/1067 1700/955/1067
f 1697/979/1059 1695/978/1059 1699/954/1059 1701/950/1059
f 1698/947/1068 1704/947/1068 1703/974/1068 1696/974/1068
f 1706/951/1069 1710/951/1069 1708/947/1069 1704/947/1069
f 1696/959/1070 1703/959/1070 1705/955/1070 1700/955/1070
f 1702/951/1071 1706/951/1071 1704/947/1071 1698/947/1071
f 1700/955/1072 1705/955/1072 1706/951/1072 1702/951/1072
f 1709/955/1073 1713/955/1073 1714/951/1073 1710/951/1073
f 1705/955/1074 1709/955/1074 1710/951/1074 1706/951/1074
f 1704/947/1075 1708/947/1075 1707/974/1075 1703/974/1075
f 1703/959/1076 1707/959/1076 1709/955/1076 1705/955/1076
f 1761/959/1077 1715/959/1077 1717/955/1077 1759/955/1077
f 1708/947/1078 1712/947/1078 1711/974/1078 1707/974/1078
f 1707/959/1079 1711/959/1079 1713/955/1079 1709/955/1079
f 1710/951/1080 1714/951/1080 1712/947/1080 1708/947/1080
f 1717/955/1081 1733/955/1081 1734/951/1081 1718/951/1081
f 1762/951/1082 1718/951/1082 1716/947/1082 1760/947/1082
f 1759/955/1083 1717/955/1083 1718/951/1083 1762/951/1083
f 1760/947/1084 1716/947/1084 1715/974/1084 1761/974/1084
f 1748/947/1085 1726/947/1085 1724/947/1085 1747/947/1085
f 1713/955/1086 1719/955/1086 1722/951/1086 1714/951/1086
f 1714/951/1087 1722/951/1087 1721/947/1087 1712/947/1087
f 1711/959/1088 1720/959/1088 1719/955/1088 1713/955/1088
f 1725/974/1089 1729/974/1089 1730/947/1089 1726/947/1089
f 1750/959/1090 1723/959/1090 1725/959/1090 1749/959/1090
f 1747/947/1091 1724/947/1091 1723/974/1091 1750/974/1091
f 1749/974/1092 1725/974/1092 1726/947/1092 1748/947/1092
f 1756/947/1093 1746/947/1093 1744/947/1093 1755/947/1093
f 1723/959/1094 1727/959/1094 1729/959/1094 1725/959/1094
f 1726/947/1095 1730/947/1095 1728/947/1095 1724/947/1095
f 1724/947/1096 1728/947/1096 1727/974/1096 1723/974/1096
f 1732/947/1097 1736/947/1097 1735/974/1097 1731/974/1097
f 1716/947/1098 1732/947/1098 1731/974/1098 1715/974/1098
f 1715/959/1099 1731/959/1099 1733/955/1099 1717/955/1099
f 1718/951/1100 1734/951/1100 1732/947/1100 1716/947/1100
f 1735/959/1101 1739/959/1101 1741/955/1101 1737/955/1101
f 1731/959/1102 1735/959/1102 1737/955/1102 1733/955/1102
f 1734/951/1103 1738/951/1103 1736/947/1103 1732/947/1103
f 1733/955/1104 1737/955/1104 1738/951/1104 1734/951/1104
f 1742/951/1105 1741/955/1105 1739/963/1105 1740/969/1105
f 1738/951/1106 1742/951/1106 1740/947/1106 1736/947/1106
f 1737/955/1107 1741/955/1107 1742/951/1107 1738/951/1107
f 1736/947/1108 1740/947/1108 1739/974/1108 1735/974/1108
f 1745/974/1109 1753/974/1109 1754/947/1109 1746/947/1109
f 1755/947/1110 1744/947/1110 1743/974/1110 1757/974/1110
f 1758/974/1111 1745/974/1111 1746/947/1111 1756/947/1111
f 1757/959/1112 1743/959/1112 1745/959/1112 1758/959/1112
f 1720/974/1113 1749/974/1113 1748/947/1113 1721/947/1113
f 1712/947/1114 1747/947/1114 1750/974/1114 1711/974/1114
f 1711/959/1115 1750/959/1115 1749/959/1115 1720/959/1115
f 1721/947/1116 1748/947/1116 1747/947/1116 1712/947/1116
f 1752/947/1117 1754/947/1117 1753/974/1117 1751/974/1117
f 1743/959/1118 1751/959/1118 1753/959/1118 1745/959/1118
f 1746/947/1119 1754/947/1119 1752/947/1119 1744/947/1119
f 1744/947/1120 1752/947/1120 1751/974/1120 1743/974/1120
f 1727/959/1121 1757/959/1121 1758/959/1121 1729/959/1121
f 1729/974/1122 1758/974/1122 1756/947/1122 1730/947/1122
f 1728/947/1123 1755/947/1123 1757/974/1123 1727/974/1123
f 1730/947/1124 1756/947/1124 1755/947/1124 1728/947/1124
f 1721/947/1125 1760/947/1125 1761/974/1125 1720/974/1125
f 1719/955/1126 1759/955/1126 1762/951/1126 1722/951/1126
f 1722/951/1127 1762/951/1127 1760/947/1127 1721/947/1127
f 1720/959/1128 1761/959/1128 1759/955/1128 1719/955/1128
